timestamp,city,temperature,description
2025-12-08T14:02:56.565Z,London,14.31,scattered clouds
2025-12-08T14:05:14.651Z,London,14.31,scattered clouds
2025-12-09T09:08:56.138Z,London,12.33,broken clouds
2025-12-09T09:15:30.825Z,London,12.33,broken clouds
2025-12-09T09:16:03.525Z,London,12.33,broken clouds
2025-12-09T09:56:38.641Z,London,12.45,light rain
2025-12-09T09:59:08.481Z,London,12.56,broken clouds
2025-12-09T10:01:19.467Z,London,12.56,broken clouds
2025-12-09T10:02:43.108Z,London,12.56,broken clouds
2025-12-09T10:03:35.437Z,London,12.56,broken clouds
2025-12-09T10:05:26.388Z,London,12.56,broken clouds
2025-12-09T10:05:26.402Z,London,12.56,broken clouds
2025-12-09T10:09:57.823Z,London,12.68,scattered clouds
2025-12-09T10:09:57.831Z,London,12.68,scattered clouds
2025-12-09T10:12:07.699Z,London,12.68,scattered clouds
2025-12-09T10:12:07.702Z,London,12.68,scattered clouds
2025-12-09T10:16:56.559Z,London,12.68,scattered clouds
2025-12-09T10:16:56.565Z,London,12.68,scattered clouds
2025-12-09T10:16:57.738Z,London,12.68,scattered clouds
2025-12-09T10:16:57.744Z,London,12.68,scattered clouds
2025-12-09T10:20:53.554Z,London,12.7,scattered clouds
2025-12-09T10:20:53.562Z,London,12.7,scattered clouds
2025-12-09T10:34:55.550Z,London,12.8,light rain
2025-12-09T10:34:55.556Z,London,12.8,light rain
2025-12-09T12:52:55.686Z,London,14.23,overcast clouds
2025-12-09T12:52:55.689Z,London,14.23,overcast clouds
2025-12-09T14:16:55.022Z,London,13.79,overcast clouds
2025-12-09T14:16:55.023Z,London,13.79,overcast clouds
2025-12-09T16:21:00.266Z,London,13.77,broken clouds
2025-12-09T16:21:00.268Z,London,13.77,broken clouds
2025-12-09T18:19:28.626Z,London,13.99,broken clouds
2025-12-09T18:19:28.628Z,London,13.99,broken clouds
2025-12-09T20:15:38.602Z,London,13.31,scattered clouds
2025-12-09T20:15:38.605Z,London,13.31,scattered clouds
2025-12-09T22:15:14.171Z,London,12.4,scattered clouds
2025-12-09T22:15:14.173Z,London,12.4,scattered clouds
2025-12-10T01:10:59.730Z,London,11.34,overcast clouds
2025-12-10T01:10:59.748Z,London,11.34,overcast clouds
2025-12-10T03:18:17.802Z,London,10.94,overcast clouds
2025-12-10T03:18:17.804Z,London,10.94,overcast clouds
2025-12-10T04:28:55.822Z,London,10.62,overcast clouds
2025-12-10T04:28:55.823Z,London,10.62,overcast clouds
2025-12-10T06:24:39.863Z,London,10.73,overcast clouds
2025-12-10T06:24:39.865Z,London,10.73,overcast clouds
2025-12-10T08:21:25.787Z,London,10.83,overcast clouds
2025-12-10T08:21:25.789Z,London,10.83,overcast clouds
2025-12-10T10:17:49.760Z,London,12.2,scattered clouds
2025-12-10T10:17:49.762Z,London,12.2,scattered clouds
2025-12-10T12:31:18.092Z,London,13.43,broken clouds
2025-12-10T12:31:18.095Z,London,13.43,broken clouds
2025-12-10T14:17:21.361Z,London,13.24,few clouds
2025-12-10T14:17:21.363Z,London,13.24,few clouds
2025-12-10T16:21:36.939Z,London,11.61,clear sky
2025-12-10T16:21:36.941Z,London,11.61,clear sky
2025-12-10T18:23:19.430Z,London,10.54,clear sky
2025-12-10T18:23:19.432Z,London,10.54,clear sky
2025-12-10T20:17:47.982Z,London,10.01,clear sky
2025-12-10T20:17:47.984Z,London,10.01,clear sky
2025-12-10T22:16:16.750Z,London,9.58,broken clouds
2025-12-10T22:16:16.755Z,London,9.58,broken clouds
2025-12-11T01:11:29.422Z,London,9.19,few clouds
2025-12-11T01:11:29.424Z,London,9.19,few clouds
2025-12-11T03:20:14.081Z,London,8.81,few clouds
2025-12-11T03:20:14.083Z,London,8.81,few clouds
2025-12-11T04:30:42.176Z,London,8.23,few clouds
2025-12-11T04:30:42.177Z,London,8.23,few clouds
2025-12-11T06:25:21.990Z,London,8.25,scattered clouds
2025-12-11T06:25:21.992Z,London,8.25,scattered clouds
2025-12-11T08:22:16.836Z,London,8.7,broken clouds
2025-12-11T08:22:16.839Z,London,8.7,broken clouds
2025-12-11T10:17:44.595Z,London,10.46,few clouds
2025-12-11T10:17:44.597Z,London,10.46,few clouds
2025-12-11T12:32:10.662Z,London,12.13,scattered clouds
2025-12-11T12:32:10.664Z,London,12.13,scattered clouds
2025-12-11T14:18:24.545Z,London,11.87,broken clouds
2025-12-11T14:18:24.547Z,London,11.87,broken clouds
2025-12-11T16:21:43.181Z,London,10.5,broken clouds
2025-12-11T16:21:43.195Z,London,10.5,broken clouds
2025-12-11T18:21:48.857Z,London,10.36,overcast clouds
2025-12-11T18:21:48.859Z,London,10.36,overcast clouds
2025-12-11T20:18:09.583Z,London,10.44,broken clouds
2025-12-11T20:18:09.585Z,London,10.44,broken clouds
2025-12-11T22:14:48.804Z,London,10.38,broken clouds
2025-12-11T22:14:48.806Z,London,10.38,broken clouds
2025-12-12T01:11:27.408Z,London,10.48,broken clouds
2025-12-12T01:11:27.410Z,London,10.48,broken clouds
2025-12-12T03:18:43.510Z,London,10.53,overcast clouds
2025-12-12T03:18:43.511Z,London,10.53,overcast clouds
2025-12-12T04:29:27.529Z,London,10.51,overcast clouds
2025-12-12T04:29:27.531Z,London,10.51,overcast clouds
2025-12-12T06:24:44.271Z,London,10.7,broken clouds
2025-12-12T06:24:44.273Z,London,10.7,broken clouds
2025-12-12T08:21:52.330Z,London,10.96,overcast clouds
2025-12-12T08:21:52.332Z,London,10.96,overcast clouds
2025-12-12T10:16:35.412Z,London,11.73,few clouds
2025-12-12T10:16:35.413Z,London,11.73,few clouds
2025-12-12T12:30:50.953Z,London,11.78,overcast clouds
2025-12-12T12:30:50.955Z,London,11.78,overcast clouds
2025-12-12T14:15:20.535Z,London,12.05,overcast clouds
2025-12-12T14:15:20.537Z,London,12.05,overcast clouds
2025-12-12T16:18:10.134Z,London,11.45,broken clouds
2025-12-12T16:18:10.135Z,London,11.45,broken clouds
2025-12-12T18:23:07.322Z,London,9.52,overcast clouds
2025-12-12T18:23:07.324Z,London,9.52,overcast clouds
2025-12-12T20:16:29.527Z,London,8.2,overcast clouds
2025-12-12T20:16:29.529Z,London,8.2,overcast clouds
2025-12-12T22:14:28.164Z,London,7.87,overcast clouds
2025-12-12T22:14:28.166Z,London,7.87,overcast clouds
2025-12-13T01:06:46.828Z,London,7.17,overcast clouds
2025-12-13T01:06:46.830Z,London,7.17,overcast clouds
2025-12-13T03:11:41.132Z,London,6.15,broken clouds
2025-12-13T03:11:41.134Z,London,6.15,broken clouds
2025-12-13T04:20:38.280Z,London,5.34,broken clouds
2025-12-13T04:20:38.282Z,London,5.34,broken clouds
2025-12-13T06:21:34.544Z,London,4.21,scattered clouds
2025-12-13T06:21:34.546Z,London,4.21,scattered clouds
2025-12-13T08:18:15.863Z,London,4.39,clear sky
2025-12-13T08:18:15.866Z,London,4.17,clear sky
2025-12-13T10:14:13.364Z,London,5.58,clear sky
2025-12-13T10:14:13.366Z,London,5.58,clear sky
2025-12-13T12:27:31.771Z,London,9.78,clear sky
2025-12-13T12:27:31.773Z,London,9.78,clear sky
2025-12-13T14:13:27.090Z,London,10.39,broken clouds
2025-12-13T14:13:27.092Z,London,10.39,broken clouds
2025-12-13T16:17:18.156Z,London,8.88,scattered clouds
2025-12-13T16:17:18.158Z,London,8.88,scattered clouds
2025-12-13T18:19:21.016Z,London,7.55,broken clouds
2025-12-13T18:19:21.018Z,London,7.55,broken clouds
2025-12-13T20:15:42.458Z,London,7.37,overcast clouds
2025-12-13T20:15:42.460Z,London,7.37,overcast clouds
2025-12-13T22:13:42.985Z,London,6.69,overcast clouds
2025-12-13T22:13:42.987Z,London,6.69,overcast clouds
2025-12-14T01:16:09.014Z,London,7.3,few clouds
2025-12-14T01:16:09.016Z,London,7.3,few clouds
2025-12-14T03:24:18.744Z,London,6.88,scattered clouds
2025-12-14T03:24:18.746Z,London,6.88,scattered clouds
2025-12-14T04:32:04.928Z,London,6.87,scattered clouds
2025-12-14T04:32:04.930Z,London,6.87,scattered clouds
2025-12-14T06:21:26.495Z,London,6.8,scattered clouds
2025-12-14T06:21:26.498Z,London,6.8,scattered clouds
2025-12-14T08:18:50.315Z,London,7.04,overcast clouds
2025-12-14T08:18:50.317Z,London,7.1,overcast clouds
2025-12-14T10:14:49.949Z,London,9.08,scattered clouds
2025-12-14T10:14:49.970Z,London,9.08,scattered clouds
2025-12-14T12:27:35.572Z,London,10.61,broken clouds
2025-12-14T12:27:35.574Z,London,10.61,broken clouds
2025-12-14T14:13:24.624Z,London,10.83,few clouds
2025-12-14T14:13:24.636Z,London,10.83,few clouds
2025-12-14T16:17:03.307Z,London,9.75,scattered clouds
2025-12-14T16:17:03.309Z,London,9.75,scattered clouds
2025-12-14T18:20:39.885Z,London,9.78,scattered clouds
2025-12-14T18:20:39.888Z,London,9.78,scattered clouds
2025-12-14T20:15:39.907Z,London,10.42,scattered clouds
2025-12-14T20:15:39.909Z,London,10.42,scattered clouds
2025-12-14T22:13:39.434Z,London,10.82,broken clouds
2025-12-14T22:13:39.437Z,London,10.82,broken clouds
2025-12-15T01:13:55.050Z,London,11.03,overcast clouds
2025-12-15T01:13:55.053Z,London,11.03,overcast clouds
2025-12-15T03:25:28.799Z,London,10.65,overcast clouds
2025-12-15T03:25:28.801Z,London,10.65,overcast clouds
2025-12-15T04:35:16.874Z,London,10.53,overcast clouds
2025-12-15T04:35:16.877Z,London,10.53,overcast clouds
2025-12-15T06:26:43.378Z,London,10.43,overcast clouds
2025-12-15T06:26:43.380Z,London,10.43,overcast clouds
2025-12-15T08:24:10.769Z,London,10.3,overcast clouds
2025-12-15T08:24:10.771Z,London,10.3,overcast clouds
2025-12-15T10:19:33.378Z,London,10.88,overcast clouds
2025-12-15T10:19:33.380Z,London,10.88,overcast clouds
2025-12-15T12:34:09.523Z,London,11.24,overcast clouds
2025-12-15T12:34:09.525Z,London,11.24,overcast clouds
2025-12-15T14:19:41.608Z,London,11.06,overcast clouds
2025-12-15T14:19:41.610Z,London,11.06,overcast clouds
2025-12-15T16:22:21.138Z,London,10.96,light rain
2025-12-15T16:22:21.140Z,London,10.96,light rain
2025-12-15T18:23:16.210Z,London,10.96,broken clouds
2025-12-15T18:23:16.213Z,London,10.96,broken clouds
2025-12-15T20:17:28.400Z,London,11.04,broken clouds
2025-12-15T20:17:28.402Z,London,11.04,broken clouds
2025-12-15T22:15:07.449Z,London,10.97,overcast clouds
2025-12-15T22:15:07.450Z,London,10.97,overcast clouds
2025-12-16T01:12:21.606Z,London,10.85,broken clouds
2025-12-16T01:12:21.609Z,London,10.85,broken clouds
2025-12-16T03:19:57.702Z,London,11.51,broken clouds
2025-12-16T03:19:57.704Z,London,11.51,broken clouds
2025-12-16T04:31:10.111Z,London,11.2,broken clouds
2025-12-16T04:31:10.113Z,London,11.2,broken clouds
2025-12-16T06:24:46.361Z,London,10.98,overcast clouds
2025-12-16T06:24:46.363Z,London,10.98,overcast clouds
2025-12-16T08:22:34.842Z,London,10.99,overcast clouds
2025-12-16T08:22:34.845Z,London,10.99,overcast clouds
2025-12-16T10:18:13.764Z,London,11.62,overcast clouds
2025-12-16T10:18:13.767Z,London,11.62,overcast clouds
2025-12-16T12:32:11.117Z,London,12.27,light rain
2025-12-16T12:32:11.119Z,London,12.27,light rain
2025-12-16T14:18:40.499Z,London,10.05,overcast clouds
2025-12-16T14:18:40.501Z,London,10.05,overcast clouds
2025-12-16T16:21:03.829Z,London,8.82,overcast clouds
2025-12-16T16:21:03.832Z,London,8.82,overcast clouds
2025-12-16T18:23:09.583Z,London,7.95,overcast clouds
2025-12-16T18:23:09.585Z,London,7.95,overcast clouds
2025-12-16T20:17:59.220Z,London,7.49,overcast clouds
2025-12-16T20:17:59.222Z,London,7.49,overcast clouds
2025-12-16T22:15:01.782Z,London,6.51,broken clouds
2025-12-16T22:15:01.784Z,London,6.51,broken clouds
2025-12-17T01:06:56.404Z,London,5.14,broken clouds
2025-12-17T01:06:56.406Z,London,5.14,broken clouds
2025-12-17T03:15:36.770Z,London,4.24,scattered clouds
2025-12-17T03:15:36.772Z,London,4.24,scattered clouds
2025-12-17T04:28:31.874Z,London,3.51,few clouds
2025-12-17T04:28:31.876Z,London,3.51,few clouds
2025-12-17T06:24:16.423Z,London,2.76,fog
2025-12-17T06:24:16.426Z,London,2.76,fog
2025-12-17T08:22:12.537Z,London,3.07,mist
2025-12-17T08:22:12.540Z,London,3.07,mist
2025-12-17T10:18:32.321Z,London,4.94,broken clouds
2025-12-17T10:18:32.323Z,London,4.94,broken clouds
2025-12-17T12:31:48.864Z,London,7.69,broken clouds
2025-12-17T12:31:48.888Z,London,7.69,broken clouds
2025-12-17T14:16:27.968Z,London,9.59,few clouds
2025-12-17T14:16:27.970Z,London,9.59,few clouds
2025-12-17T16:20:19.206Z,London,9.8,scattered clouds
2025-12-17T16:20:19.208Z,London,9.8,scattered clouds
2025-12-17T18:23:50.895Z,London,9.93,overcast clouds
2025-12-17T18:23:50.897Z,London,9.93,overcast clouds
2025-12-17T20:17:51.933Z,London,9.81,scattered clouds
2025-12-17T20:17:51.936Z,London,9.81,scattered clouds
2025-12-17T22:14:33.262Z,London,10.52,broken clouds
2025-12-17T22:14:33.264Z,London,10.52,broken clouds
2025-12-18T01:08:11.836Z,London,10.28,light rain
2025-12-18T01:08:11.851Z,London,10.28,light rain
2025-12-18T03:16:27.014Z,London,10.52,moderate rain
2025-12-18T03:16:27.016Z,London,10.52,moderate rain
2025-12-18T04:29:29.323Z,London,10.64,moderate rain
2025-12-18T04:29:29.325Z,London,10.64,moderate rain
2025-12-18T06:24:20.483Z,London,11.03,broken clouds
2025-12-18T06:24:20.485Z,London,11.03,broken clouds
2025-12-18T08:21:37.201Z,London,11.03,broken clouds
2025-12-18T08:21:37.203Z,London,11.03,broken clouds
2025-12-18T10:16:50.668Z,London,11.09,overcast clouds
2025-12-18T10:16:50.671Z,London,11.09,overcast clouds
2025-12-18T12:31:07.975Z,London,11.03,heavy intensity rain
2025-12-18T12:31:07.976Z,London,11.03,heavy intensity rain
2025-12-18T14:17:15.802Z,London,11.27,moderate rain
2025-12-18T14:17:15.809Z,London,11.27,moderate rain
2025-12-18T16:21:30.395Z,London,11.39,moderate rain
2025-12-18T16:21:30.398Z,London,11.39,moderate rain
2025-12-18T18:23:01.072Z,London,11.86,overcast clouds
2025-12-18T18:23:01.074Z,London,11.86,overcast clouds
2025-12-18T20:15:55.972Z,London,11.86,broken clouds
2025-12-18T20:15:55.974Z,London,11.86,broken clouds
2025-12-18T22:14:32.126Z,London,11.24,few clouds
2025-12-18T22:14:32.128Z,London,11.24,few clouds
2025-12-19T01:11:42.004Z,London,10.4,broken clouds
2025-12-19T01:11:42.006Z,London,10.4,broken clouds
2025-12-19T03:19:25.429Z,London,9.11,overcast clouds
2025-12-19T03:19:25.431Z,London,9.11,overcast clouds
2025-12-19T04:29:48.922Z,London,8.19,overcast clouds
2025-12-19T04:29:48.924Z,London,8.19,overcast clouds
2025-12-19T06:23:48.750Z,London,7.85,overcast clouds
2025-12-19T06:23:48.752Z,London,7.85,overcast clouds
2025-12-19T08:21:59.951Z,London,7.61,overcast clouds
2025-12-19T08:21:59.953Z,London,7.61,overcast clouds
2025-12-19T10:16:44.407Z,London,8.67,broken clouds
2025-12-19T10:16:44.409Z,London,8.67,broken clouds
2025-12-19T12:30:01.784Z,London,10.78,scattered clouds
2025-12-19T12:30:01.821Z,London,10.78,scattered clouds
2025-12-19T14:15:35.570Z,London,11.28,clear sky
2025-12-19T14:15:35.572Z,London,11.28,clear sky
2025-12-19T16:19:07.417Z,London,9.67,clear sky
2025-12-19T16:19:07.418Z,London,9.67,clear sky
2025-12-19T18:21:47.949Z,London,8.57,clear sky
2025-12-19T18:21:47.951Z,London,8.57,clear sky
2025-12-19T20:16:56.121Z,London,7.56,few clouds
2025-12-19T20:16:56.139Z,London,7.56,few clouds
2025-12-19T22:15:09.723Z,London,6.37,clear sky
2025-12-19T22:15:09.725Z,London,6.37,clear sky
2025-12-20T01:06:53.067Z,London,5.26,clear sky
2025-12-20T01:06:53.069Z,London,5.26,clear sky
2025-12-20T03:11:03.794Z,London,5.16,clear sky
2025-12-20T03:11:03.795Z,London,5.16,clear sky
2025-12-20T04:20:44.643Z,London,4.84,clear sky
2025-12-20T04:20:44.658Z,London,4.84,clear sky
2025-12-20T06:22:03.142Z,London,4.44,clear sky
2025-12-20T06:22:03.144Z,London,4.44,clear sky
2025-12-20T08:18:46.087Z,London,4.36,few clouds
2025-12-20T08:18:46.089Z,London,4.36,few clouds
2025-12-20T10:14:46.229Z,London,6.15,clear sky
2025-12-20T10:14:46.230Z,London,6.15,clear sky
2025-12-20T12:27:16.186Z,London,9.52,clear sky
2025-12-20T12:27:16.188Z,London,9.52,clear sky
2025-12-20T14:13:33.396Z,London,9.78,scattered clouds
2025-12-20T14:13:33.398Z,London,9.78,scattered clouds
2025-12-20T16:17:21.540Z,London,8.13,clear sky
2025-12-20T16:17:21.542Z,London,8.13,clear sky
2025-12-20T18:19:13.340Z,London,7.84,broken clouds
2025-12-20T18:19:13.342Z,London,7.84,broken clouds
2025-12-20T20:15:04.133Z,London,7.66,overcast clouds
2025-12-20T20:15:04.135Z,London,7.66,overcast clouds
2025-12-20T22:13:27.232Z,London,8.01,overcast clouds
2025-12-20T22:13:27.234Z,London,8.01,overcast clouds
2025-12-21T01:16:18.674Z,London,8.32,overcast clouds
2025-12-21T01:16:18.676Z,London,8.32,overcast clouds
2025-12-21T03:24:39.389Z,London,8.42,broken clouds
2025-12-21T03:24:39.391Z,London,8.42,broken clouds
2025-12-21T04:32:45.443Z,London,8.4,overcast clouds
2025-12-21T04:32:45.445Z,London,8.4,overcast clouds
2025-12-21T06:22:24.590Z,London,8.62,broken clouds
2025-12-21T06:22:24.591Z,London,8.62,broken clouds
2025-12-21T08:19:09.971Z,London,9.1,broken clouds
2025-12-21T08:19:09.973Z,London,9.1,broken clouds
2025-12-21T10:15:00.471Z,London,9.7,broken clouds
2025-12-21T10:15:00.473Z,London,9.7,broken clouds
2025-12-21T12:28:06.703Z,London,10.07,overcast clouds
2025-12-21T12:28:06.705Z,London,10.07,overcast clouds
2025-12-21T14:13:27.874Z,London,10.1,few clouds
2025-12-21T14:13:27.876Z,London,10.1,few clouds
2025-12-21T16:16:49.073Z,London,9.53,moderate rain
2025-12-21T16:16:49.075Z,London,9.53,moderate rain
2025-12-21T18:20:33.647Z,London,10.01,moderate rain
2025-12-21T18:20:33.649Z,London,10.01,moderate rain
2025-12-21T20:15:57.684Z,London,10.79,light rain
2025-12-21T20:15:57.686Z,London,10.79,light rain
2025-12-21T22:14:11.158Z,London,10.59,light rain
2025-12-21T22:14:11.159Z,London,10.59,light rain
2025-12-22T01:14:38.365Z,London,10.06,light rain
2025-12-22T01:14:38.367Z,London,10.06,light rain
2025-12-22T03:27:32.916Z,London,9.23,overcast clouds
2025-12-22T03:27:32.918Z,London,9.23,overcast clouds
2025-12-22T04:34:54.043Z,London,9.01,scattered clouds
2025-12-22T04:34:54.045Z,London,9.01,scattered clouds
2025-12-22T06:26:08.749Z,London,9.12,broken clouds
2025-12-22T06:26:08.751Z,London,9.12,broken clouds
2025-12-22T08:22:52.080Z,London,8.78,broken clouds
2025-12-22T08:22:52.083Z,London,8.78,broken clouds
2025-12-22T10:16:51.455Z,London,9.3,broken clouds
2025-12-22T10:16:51.457Z,London,9.3,broken clouds
2025-12-22T12:31:16.935Z,London,10.41,overcast clouds
2025-12-22T12:31:16.937Z,London,10.41,overcast clouds
2025-12-22T14:16:02.624Z,London,10.48,overcast clouds
2025-12-22T14:16:02.626Z,London,10.48,overcast clouds
2025-12-22T16:18:52.914Z,London,9.53,few clouds
2025-12-22T16:18:52.917Z,London,9.53,few clouds
2025-12-22T18:22:20.481Z,London,9.49,overcast clouds
2025-12-22T18:22:20.483Z,London,9.49,overcast clouds
2025-12-22T20:16:53.526Z,London,8.52,broken clouds
2025-12-22T20:16:53.528Z,London,8.52,broken clouds
2025-12-22T22:15:15.666Z,London,8.14,few clouds
2025-12-22T22:15:15.670Z,London,8.14,few clouds
2025-12-23T01:11:29.241Z,London,8.38,broken clouds
2025-12-23T01:11:29.243Z,London,8.38,broken clouds
2025-12-23T03:21:48.723Z,London,8.15,overcast clouds
2025-12-23T03:21:48.725Z,London,8.15,overcast clouds
2025-12-23T04:33:12.846Z,London,7.86,overcast clouds
2025-12-23T04:33:12.849Z,London,7.86,overcast clouds
2025-12-23T06:24:53.995Z,London,7.43,overcast clouds
2025-12-23T06:24:53.996Z,London,7.43,overcast clouds
2025-12-23T08:21:56.176Z,London,7.22,overcast clouds
2025-12-23T08:21:56.178Z,London,7.22,overcast clouds
2025-12-23T10:17:11.040Z,London,7.05,overcast clouds
2025-12-23T10:17:11.042Z,London,7.05,overcast clouds
2025-12-23T12:31:44.967Z,London,7.4,overcast clouds
2025-12-23T12:31:44.969Z,London,7.4,overcast clouds
2025-12-23T14:15:31.668Z,London,7.46,overcast clouds
2025-12-23T14:15:31.670Z,London,7.46,overcast clouds
2025-12-23T16:19:52.701Z,London,6.77,overcast clouds
2025-12-23T16:19:52.703Z,London,6.77,overcast clouds
2025-12-23T18:22:29.720Z,London,6.57,overcast clouds
2025-12-23T18:22:29.723Z,London,6.57,overcast clouds
2025-12-23T20:16:39.337Z,London,6.57,overcast clouds
2025-12-23T20:16:39.340Z,London,6.57,overcast clouds
2025-12-23T22:14:29.029Z,London,6.39,overcast clouds
2025-12-23T22:14:29.031Z,London,6.39,overcast clouds
2025-12-24T01:10:22.640Z,London,6.1,overcast clouds
2025-12-24T01:10:22.642Z,London,6.1,overcast clouds
2025-12-24T03:19:25.367Z,London,6.27,overcast clouds
2025-12-24T03:19:25.370Z,London,6.27,overcast clouds
2025-12-24T04:31:31.661Z,London,6.53,overcast clouds
2025-12-24T04:31:31.663Z,London,6.53,overcast clouds
2025-12-24T06:24:48.734Z,London,5.75,overcast clouds
2025-12-24T06:24:48.736Z,London,5.78,overcast clouds
2025-12-24T08:22:03.470Z,London,4.8,overcast clouds
2025-12-24T08:22:03.472Z,London,4.8,overcast clouds
2025-12-24T10:16:38.306Z,London,4.9,broken clouds
2025-12-24T10:16:38.308Z,London,4.9,broken clouds
2025-12-24T12:31:03.332Z,London,5.93,broken clouds
2025-12-24T12:31:03.335Z,London,5.94,broken clouds
2025-12-24T14:14:22.135Z,London,5.92,broken clouds
2025-12-24T14:14:22.137Z,London,5.92,broken clouds
2025-12-24T16:18:57.680Z,London,4.68,broken clouds
2025-12-24T16:18:57.714Z,London,4.68,broken clouds
2025-12-24T18:21:56.379Z,London,4.17,scattered clouds
2025-12-24T18:21:56.382Z,London,4.17,scattered clouds
2025-12-24T20:16:19.725Z,London,3.93,clear sky
2025-12-24T20:16:19.727Z,London,3.93,clear sky
2025-12-24T22:14:52.049Z,London,3.84,clear sky
2025-12-24T22:14:52.051Z,London,3.84,clear sky
2025-12-25T01:11:21.241Z,London,3.39,clear sky
2025-12-25T01:11:21.243Z,London,3.39,clear sky
2025-12-25T03:22:29.820Z,London,3.21,clear sky
2025-12-25T03:22:29.833Z,London,3.21,clear sky
2025-12-25T04:33:16.907Z,London,3.24,clear sky
2025-12-25T04:33:16.910Z,London,3.24,clear sky
2025-12-25T06:24:14.209Z,London,3.26,clear sky
2025-12-25T06:24:14.211Z,London,3.26,clear sky
2025-12-25T08:21:04.243Z,London,2.98,clear sky
2025-12-25T08:21:04.245Z,London,2.98,clear sky
2025-12-25T10:16:49.375Z,London,3.91,clear sky
2025-12-25T10:16:49.378Z,London,3.91,clear sky
2025-12-25T12:30:11.486Z,London,5.74,clear sky
2025-12-25T12:30:11.488Z,London,5.74,clear sky
2025-12-25T14:14:40.194Z,London,5.77,clear sky
2025-12-25T14:14:40.196Z,London,5.77,clear sky
2025-12-25T16:18:48.660Z,London,4.32,broken clouds
2025-12-25T16:18:48.663Z,London,4.32,broken clouds
2025-12-25T18:21:43.442Z,London,4.27,overcast clouds
2025-12-25T18:21:43.444Z,London,4.27,overcast clouds
2025-12-25T20:16:27.104Z,London,4.17,overcast clouds
2025-12-25T20:16:27.106Z,London,4.26,overcast clouds
2025-12-25T22:14:27.729Z,London,3.86,overcast clouds
2025-12-25T22:14:27.731Z,London,3.86,overcast clouds
2025-12-26T01:11:18.621Z,London,3.61,overcast clouds
2025-12-26T01:11:18.623Z,London,3.61,overcast clouds
2025-12-26T03:20:18.819Z,London,3.7,broken clouds
2025-12-26T03:20:18.844Z,London,3.7,broken clouds
2025-12-26T04:30:18.640Z,London,3.85,overcast clouds
2025-12-26T04:30:18.642Z,London,3.85,overcast clouds
2025-12-26T06:24:00.615Z,London,4.16,overcast clouds
2025-12-26T06:24:00.623Z,London,4.16,overcast clouds
2025-12-26T08:20:37.455Z,London,4.42,overcast clouds
2025-12-26T08:20:37.457Z,London,4.42,overcast clouds
2025-12-26T10:16:38.500Z,London,4.9,overcast clouds
2025-12-26T10:16:38.502Z,London,4.9,overcast clouds
2025-12-26T12:30:00.864Z,London,5.76,broken clouds
2025-12-26T12:30:00.866Z,London,5.76,broken clouds
2025-12-26T14:14:46.997Z,London,6.51,broken clouds
2025-12-26T14:14:46.999Z,London,6.51,broken clouds
2025-12-26T16:17:30.418Z,London,5.48,overcast clouds
2025-12-26T16:17:30.420Z,London,5.48,overcast clouds
2025-12-26T18:21:39.111Z,London,5.16,overcast clouds
2025-12-26T18:21:39.339Z,London,5.16,overcast clouds
2025-12-26T20:15:37.812Z,London,4.94,overcast clouds
2025-12-26T20:15:37.814Z,London,4.94,overcast clouds
2025-12-26T22:14:34.393Z,London,4.36,overcast clouds
2025-12-26T22:14:34.396Z,London,4.36,overcast clouds
2025-12-27T01:09:55.705Z,London,2.95,few clouds
2025-12-27T01:09:55.707Z,London,2.95,few clouds
2025-12-27T03:18:17.895Z,London,2.8,clear sky
2025-12-27T03:18:17.897Z,London,2.8,clear sky
2025-12-27T04:27:54.185Z,London,2.59,clear sky
2025-12-27T04:27:54.187Z,London,2.59,clear sky
2025-12-27T06:22:13.912Z,London,2.58,clear sky
2025-12-27T06:22:13.914Z,London,2.58,clear sky
2025-12-27T08:19:06.934Z,London,2.77,clear sky
2025-12-27T08:19:06.937Z,London,2.77,clear sky
2025-12-27T10:15:11.042Z,London,5.08,clear sky
2025-12-27T10:15:11.044Z,London,5.08,clear sky
2025-12-27T12:28:06.647Z,London,6.93,broken clouds
2025-12-27T12:28:06.649Z,London,6.93,broken clouds
2025-12-27T14:13:47.048Z,London,7.53,overcast clouds
2025-12-27T14:13:47.050Z,London,7.53,overcast clouds
2025-12-27T16:17:22.696Z,London,7.48,overcast clouds
2025-12-27T16:17:22.698Z,London,7.48,overcast clouds
2025-12-27T18:20:35.346Z,London,7.59,overcast clouds
2025-12-27T18:20:35.348Z,London,7.59,overcast clouds
2025-12-27T20:16:18.033Z,London,6.9,overcast clouds
2025-12-27T20:16:18.035Z,London,6.9,overcast clouds
2025-12-27T22:13:56.664Z,London,6.94,overcast clouds
2025-12-27T22:13:56.683Z,London,6.94,overcast clouds
2025-12-28T01:19:36.225Z,London,6.78,overcast clouds
2025-12-28T01:19:36.227Z,London,6.78,overcast clouds
2025-12-28T03:42:42.958Z,London,6.82,overcast clouds
2025-12-28T03:42:42.961Z,London,6.82,overcast clouds
2025-12-28T04:39:41.216Z,London,6.81,overcast clouds
2025-12-28T04:39:41.218Z,London,6.81,overcast clouds
2025-12-28T06:22:52.450Z,London,6.59,overcast clouds
2025-12-28T06:22:52.502Z,London,6.59,overcast clouds
2025-12-28T08:19:30.201Z,London,6.65,overcast clouds
2025-12-28T08:19:30.211Z,London,6.65,overcast clouds
2025-12-28T10:15:23.187Z,London,7.11,overcast clouds
2025-12-28T10:15:23.189Z,London,7.11,overcast clouds
2025-12-28T12:28:58.294Z,London,7.25,overcast clouds
2025-12-28T12:28:58.296Z,London,7.25,overcast clouds
2025-12-28T14:14:10.823Z,London,7.07,overcast clouds
2025-12-28T14:14:10.825Z,London,7.07,overcast clouds
2025-12-28T16:17:37.187Z,London,7.11,overcast clouds
2025-12-28T16:17:37.189Z,London,7.11,overcast clouds
2025-12-28T18:21:20.285Z,London,6.91,overcast clouds
2025-12-28T18:21:20.288Z,London,6.91,overcast clouds
2025-12-28T20:16:30.118Z,London,6.47,overcast clouds
2025-12-28T20:16:30.120Z,London,6.47,overcast clouds
2025-12-28T22:14:22.423Z,London,5.98,overcast clouds
2025-12-28T22:14:22.425Z,London,5.98,overcast clouds
2025-12-29T01:17:23.140Z,London,4.81,broken clouds
2025-12-29T01:17:23.143Z,London,4.81,broken clouds
2025-12-29T03:43:55.237Z,London,4.48,overcast clouds
2025-12-29T03:43:55.239Z,London,4.48,overcast clouds
2025-12-29T04:43:52.831Z,London,4.82,overcast clouds
2025-12-29T04:43:52.837Z,London,4.82,overcast clouds
2025-12-29T06:26:42.667Z,London,5.02,broken clouds
2025-12-29T06:26:42.669Z,London,5.02,broken clouds
2025-12-29T08:23:33.726Z,London,4.94,broken clouds
2025-12-29T08:23:33.728Z,London,4.94,broken clouds
2025-12-29T10:17:54.444Z,London,5.53,overcast clouds
2025-12-29T10:17:54.446Z,London,5.53,overcast clouds
2025-12-29T12:32:17.160Z,London,6,overcast clouds
2025-12-29T12:32:17.162Z,London,6,overcast clouds
2025-12-29T14:16:18.429Z,London,5.92,overcast clouds
2025-12-29T14:16:18.430Z,London,5.92,overcast clouds
2025-12-29T16:18:42.460Z,London,6.02,overcast clouds
2025-12-29T16:18:42.462Z,London,6.02,overcast clouds
2025-12-29T18:22:41.611Z,London,6.06,overcast clouds
2025-12-29T18:22:41.613Z,London,6.06,overcast clouds
2025-12-29T20:17:46.839Z,London,6.42,overcast clouds
2025-12-29T20:17:46.841Z,London,6.42,overcast clouds
2025-12-29T22:14:31.608Z,London,6.07,broken clouds
2025-12-29T22:14:31.610Z,London,6.07,broken clouds
2025-12-30T01:11:44.638Z,London,5.47,broken clouds
2025-12-30T01:11:44.640Z,London,5.47,broken clouds
2025-12-30T03:23:24.477Z,London,4.28,overcast clouds
2025-12-30T03:23:24.479Z,London,4.28,overcast clouds
2025-12-30T04:34:02.074Z,London,3.94,few clouds
2025-12-30T04:34:02.076Z,London,3.94,few clouds
2025-12-30T06:24:30.346Z,London,3.48,overcast clouds
2025-12-30T06:24:30.349Z,London,3.48,overcast clouds
2025-12-30T08:21:52.732Z,London,3.34,overcast clouds
2025-12-30T08:21:52.734Z,London,3.34,overcast clouds
2025-12-30T10:17:19.651Z,London,4.93,scattered clouds
2025-12-30T10:17:19.653Z,London,4.93,scattered clouds
2025-12-30T12:31:46.503Z,London,6.71,overcast clouds
2025-12-30T12:31:46.504Z,London,6.71,overcast clouds
2025-12-30T14:15:27.388Z,London,6.66,overcast clouds
2025-12-30T14:15:27.391Z,London,6.66,overcast clouds
2025-12-30T16:19:47.322Z,London,5.2,scattered clouds
2025-12-30T16:19:47.324Z,London,5.2,scattered clouds
2025-12-30T18:22:39.479Z,London,4.44,scattered clouds
2025-12-30T18:22:39.481Z,London,4.44,scattered clouds
2025-12-30T20:16:52.276Z,London,2.87,few clouds
2025-12-30T20:16:52.278Z,London,2.87,few clouds
2025-12-30T22:14:57.500Z,London,1.9,few clouds
2025-12-30T22:14:57.502Z,London,1.9,few clouds
2025-12-31T01:13:18.390Z,London,1.37,clear sky
2025-12-31T01:13:18.392Z,London,1.37,clear sky
2025-12-31T03:22:25.965Z,London,0.82,scattered clouds
2025-12-31T03:22:25.967Z,London,0.82,scattered clouds
2025-12-31T04:34:14.414Z,London,1.03,few clouds
2025-12-31T04:34:14.416Z,London,1.03,few clouds
2025-12-31T06:24:58.816Z,London,0.64,overcast clouds
2025-12-31T06:24:58.819Z,London,0.64,overcast clouds
2025-12-31T08:22:02.029Z,London,0.34,broken clouds
2025-12-31T08:22:02.031Z,London,0.29,broken clouds
2025-12-31T10:16:21.826Z,London,1.63,clear sky
2025-12-31T10:16:21.829Z,London,1.63,clear sky
2025-12-31T12:30:36.350Z,London,4.1,clear sky
2025-12-31T12:30:36.352Z,London,4.1,clear sky
2025-12-31T14:15:30.077Z,London,3.9,clear sky
2025-12-31T14:15:30.079Z,London,3.9,clear sky
2025-12-31T16:19:01.527Z,London,2.15,few clouds
2025-12-31T16:19:01.529Z,London,2.15,few clouds
2025-12-31T18:21:43.631Z,London,0.85,scattered clouds
2025-12-31T18:21:43.633Z,London,0.85,scattered clouds
2025-12-31T20:16:25.825Z,London,0.48,few clouds
2025-12-31T20:16:25.827Z,London,0.48,few clouds
2025-12-31T22:14:56.811Z,London,0.19,few clouds
2025-12-31T22:14:56.813Z,London,0.19,few clouds
2026-01-01T01:19:22.399Z,London,0.58,broken clouds
2026-01-01T01:19:22.401Z,London,0.58,broken clouds
2026-01-01T03:45:26.380Z,London,1.36,overcast clouds
2026-01-01T03:45:26.382Z,London,1.36,overcast clouds
2026-01-01T04:43:01.117Z,London,1.54,overcast clouds
2026-01-01T04:43:01.120Z,London,1.54,overcast clouds
2026-01-01T06:24:44.506Z,London,1.65,scattered clouds
2026-01-01T06:24:44.508Z,London,1.65,scattered clouds
2026-01-01T08:21:42.107Z,London,1.19,broken clouds
2026-01-01T08:21:42.109Z,London,1.19,broken clouds
2026-01-01T10:16:56.560Z,London,2.96,broken clouds
2026-01-01T10:16:56.562Z,London,2.96,broken clouds
2026-01-01T12:30:54.216Z,London,5.29,overcast clouds
2026-01-01T12:30:54.218Z,London,5.29,overcast clouds
2026-01-01T14:14:24.718Z,London,5.63,scattered clouds
2026-01-01T14:14:24.720Z,London,5.63,scattered clouds
2026-01-01T16:19:17.480Z,London,5.36,overcast clouds
2026-01-01T16:19:17.481Z,London,5.36,overcast clouds
2026-01-01T18:21:51.637Z,London,5.06,overcast clouds
2026-01-01T18:21:51.639Z,London,5.06,overcast clouds
2026-01-01T20:17:48.857Z,London,4.11,few clouds
2026-01-01T20:17:48.859Z,London,4.11,few clouds
2026-01-01T22:14:39.341Z,London,3.77,scattered clouds
2026-01-01T22:14:39.343Z,London,3.77,scattered clouds
2026-01-02T01:13:44.265Z,London,2.87,few clouds
2026-01-02T01:13:44.267Z,London,2.87,few clouds
2026-01-02T03:26:01.113Z,London,2.85,scattered clouds
2026-01-02T03:26:01.116Z,London,2.85,scattered clouds
2026-01-02T04:35:26.483Z,London,2.46,moderate rain
2026-01-02T04:35:26.486Z,London,2.46,moderate rain
2026-01-02T06:24:48.523Z,London,1.35,light rain
2026-01-02T06:24:48.525Z,London,1.35,light rain
2026-01-02T08:21:49.637Z,London,1.08,overcast clouds
2026-01-02T08:21:49.639Z,London,1.08,overcast clouds
2026-01-02T10:15:41.221Z,London,1.93,broken clouds
2026-01-02T10:15:41.223Z,London,1.93,broken clouds
2026-01-02T12:30:03.036Z,London,3.32,broken clouds
2026-01-02T12:30:03.038Z,London,3.32,broken clouds
2026-01-02T14:15:14.671Z,London,3.73,clear sky
2026-01-02T14:15:14.673Z,London,3.73,clear sky
2026-01-02T16:18:19.174Z,London,2.39,clear sky
2026-01-02T16:18:19.176Z,London,2.39,clear sky
2026-01-02T18:21:46.529Z,London,1.02,clear sky
2026-01-02T18:21:46.531Z,London,1.02,clear sky
2026-01-02T20:16:47.020Z,London,0.39,clear sky
2026-01-02T20:16:47.022Z,London,0.39,clear sky
2026-01-02T22:14:57.138Z,London,-0.19,clear sky
2026-01-02T22:14:57.140Z,London,-0.19,clear sky
2026-01-03T01:08:50.514Z,London,0,few clouds
2026-01-03T01:08:50.516Z,London,0,few clouds
2026-01-03T03:17:36.813Z,London,0.31,scattered clouds
2026-01-03T03:17:36.832Z,London,0.31,scattered clouds
2026-01-03T04:27:35.957Z,London,0.36,scattered clouds
2026-01-03T04:27:35.959Z,London,0.36,scattered clouds
2026-01-03T06:23:06.060Z,London,0.17,few clouds
2026-01-03T06:23:06.063Z,London,0.17,few clouds
2026-01-03T08:19:51.213Z,London,-0.26,clear sky
2026-01-03T08:19:51.216Z,London,-0.26,clear sky
2026-01-03T10:15:26.916Z,London,0.85,clear sky
2026-01-03T10:15:26.917Z,London,0.85,clear sky
2026-01-03T12:28:21.909Z,London,2.38,clear sky
2026-01-03T12:28:21.911Z,London,2.38,clear sky
2026-01-03T14:13:52.148Z,London,3.1,clear sky
2026-01-03T14:13:52.151Z,London,3.1,clear sky
2026-01-03T16:17:24.437Z,London,1.75,broken clouds
2026-01-03T16:17:24.439Z,London,1.75,broken clouds
2026-01-03T18:20:51.974Z,London,0.23,clear sky
2026-01-03T18:20:51.976Z,London,0.23,clear sky
2026-01-03T20:16:17.903Z,London,-0.11,clear sky
2026-01-03T20:16:17.906Z,London,-0.11,clear sky
2026-01-03T22:14:08.588Z,London,-0.81,clear sky
2026-01-03T22:14:08.590Z,London,-0.81,clear sky
2026-01-04T01:20:24.219Z,London,-1.92,clear sky
2026-01-04T01:20:24.220Z,London,-1.92,clear sky
2026-01-04T03:45:40.558Z,London,-2.2,clear sky
2026-01-04T03:45:40.560Z,London,-2.2,clear sky
2026-01-04T04:43:44.887Z,London,-2.46,clear sky
2026-01-04T04:43:44.889Z,London,-2.46,clear sky
2026-01-04T06:23:05.244Z,London,-2.37,clear sky
2026-01-04T06:23:05.245Z,London,-2.37,clear sky
2026-01-04T08:20:12.045Z,London,-2.82,clear sky
2026-01-04T08:20:12.047Z,London,-2.82,clear sky
2026-01-04T10:15:01.387Z,London,-1.1,clear sky
2026-01-04T10:15:01.390Z,London,-1.1,clear sky
2026-01-04T12:28:53.735Z,London,2.2,clear sky
2026-01-04T12:28:53.737Z,London,2.2,clear sky
2026-01-04T14:13:38.633Z,London,3.11,clear sky
2026-01-04T14:13:38.635Z,London,3.11,clear sky
2026-01-04T16:17:11.878Z,London,2.18,clear sky
2026-01-04T16:17:11.880Z,London,2.18,clear sky
2026-01-04T18:21:26.378Z,London,1.34,broken clouds
2026-01-04T18:21:26.380Z,London,1.34,broken clouds
2026-01-04T20:16:54.236Z,London,0.29,overcast clouds
2026-01-04T20:16:54.237Z,London,0.29,overcast clouds
2026-01-04T22:14:23.795Z,London,-0.53,overcast clouds
2026-01-04T22:14:23.797Z,London,-0.53,overcast clouds
2026-01-05T01:19:09.141Z,London,-1.22,broken clouds
2026-01-05T01:19:09.143Z,London,-1.22,broken clouds
2026-01-05T03:49:55.622Z,London,-1.21,light snow
2026-01-05T03:49:55.625Z,London,-1.21,light snow
2026-01-05T04:52:37.839Z,London,-1,broken clouds
2026-01-05T04:52:37.841Z,London,-1,broken clouds
2026-01-05T06:30:28.839Z,London,-0.86,broken clouds
2026-01-05T06:30:28.841Z,London,-0.86,broken clouds
2026-01-05T08:24:49.111Z,London,-1.64,few clouds
2026-01-05T08:24:49.113Z,London,-1.64,few clouds
2026-01-05T10:19:00.407Z,London,-0.27,scattered clouds
2026-01-05T10:19:00.409Z,London,-0.27,scattered clouds
2026-01-05T12:34:29.043Z,London,1.87,clear sky
2026-01-05T12:34:29.045Z,London,1.87,clear sky
2026-01-05T14:19:14.137Z,London,2.54,clear sky
2026-01-05T14:19:14.139Z,London,2.54,clear sky
2026-01-05T16:20:58.628Z,London,1.38,scattered clouds
2026-01-05T16:20:58.630Z,London,1.38,scattered clouds
2026-01-05T18:24:26.851Z,London,-0.4,scattered clouds
2026-01-05T18:24:26.853Z,London,-0.4,scattered clouds
2026-01-05T20:18:51.113Z,London,-0.86,clear sky
2026-01-05T20:18:51.115Z,London,-0.86,clear sky
2026-01-05T22:15:40.081Z,London,-1.55,clear sky
2026-01-05T22:15:40.083Z,London,-1.55,clear sky
2026-01-06T01:13:14.767Z,London,-2.21,clear sky
2026-01-06T01:13:14.769Z,London,-2.21,clear sky
2026-01-06T03:24:28.906Z,London,-3.43,clear sky
2026-01-06T03:24:28.908Z,London,-3.43,clear sky
2026-01-06T04:34:58.601Z,London,-3.45,few clouds
2026-01-06T04:34:58.603Z,London,-3.45,few clouds
2026-01-06T06:25:16.320Z,London,-3.33,few clouds
2026-01-06T06:25:16.322Z,London,-3.33,few clouds
2026-01-06T08:22:37.777Z,London,-3.21,scattered clouds
2026-01-06T08:22:37.779Z,London,-3.21,scattered clouds
2026-01-06T10:17:22.666Z,London,-1.17,broken clouds
2026-01-06T10:17:22.691Z,London,-1.17,broken clouds
2026-01-06T12:32:39.205Z,London,0.93,light rain
2026-01-06T12:32:39.208Z,London,0.93,light rain
2026-01-06T14:17:37.088Z,London,2.08,broken clouds
2026-01-06T14:17:37.090Z,London,2.08,broken clouds
2026-01-06T16:20:32.114Z,London,2.27,overcast clouds
2026-01-06T16:20:32.116Z,London,2.27,overcast clouds
2026-01-06T18:22:33.763Z,London,2.68,overcast clouds
2026-01-06T18:22:33.765Z,London,2.68,overcast clouds
2026-01-06T20:17:28.849Z,London,3.71,light rain
2026-01-06T20:17:28.851Z,London,3.71,light rain
2026-01-06T22:15:39.830Z,London,4.29,light rain
2026-01-06T22:15:39.833Z,London,4.29,light rain
2026-01-07T01:13:27.362Z,London,4.56,heavy intensity rain
2026-01-07T01:13:27.364Z,London,4.56,heavy intensity rain
2026-01-07T03:24:39.067Z,London,4.4,broken clouds
2026-01-07T03:24:39.069Z,London,4.4,broken clouds
2026-01-07T04:35:31.687Z,London,3.99,overcast clouds
2026-01-07T04:35:31.688Z,London,3.99,overcast clouds
2026-01-07T06:25:02.591Z,London,2.74,broken clouds
2026-01-07T06:25:02.593Z,London,2.74,broken clouds
2026-01-07T08:22:30.221Z,London,2.16,clear sky
2026-01-07T08:22:30.224Z,London,2.16,clear sky
2026-01-07T10:18:22.090Z,London,3.31,broken clouds
2026-01-07T10:18:22.092Z,London,3.31,broken clouds
2026-01-07T12:33:07.748Z,London,5.92,few clouds
2026-01-07T12:33:07.750Z,London,5.92,few clouds
2026-01-07T14:18:52.568Z,London,6.11,scattered clouds
2026-01-07T14:18:52.570Z,London,6.11,scattered clouds
2026-01-07T16:22:27.554Z,London,5.33,scattered clouds
2026-01-07T16:22:27.556Z,London,5.33,scattered clouds
2026-01-07T18:24:07.959Z,London,4.02,broken clouds
2026-01-07T18:24:07.961Z,London,4.02,broken clouds
2026-01-07T20:18:14.802Z,London,3.07,broken clouds
2026-01-07T20:18:14.804Z,London,3.07,broken clouds
2026-01-07T22:15:07.742Z,London,2.76,broken clouds
2026-01-07T22:15:07.745Z,London,2.76,broken clouds
2026-01-08T01:13:51.089Z,London,3.41,overcast clouds
2026-01-08T01:13:51.091Z,London,3.41,overcast clouds
2026-01-08T03:25:07.547Z,London,3.26,light rain
2026-01-08T03:25:07.549Z,London,3.26,light rain
2026-01-08T04:34:26.622Z,London,3.23,light rain
2026-01-08T04:34:26.625Z,London,3.23,light rain
2026-01-08T06:25:51.202Z,London,3.07,haze
2026-01-08T06:25:51.203Z,London,3.07,haze
2026-01-08T08:22:35.708Z,London,3.2,overcast clouds
2026-01-08T08:22:35.710Z,London,3.2,overcast clouds
2026-01-08T10:18:20.649Z,London,4.03,overcast clouds
2026-01-08T10:18:20.651Z,London,4.03,overcast clouds
2026-01-08T12:33:13.584Z,London,4.94,overcast clouds
2026-01-08T12:33:13.586Z,London,4.94,overcast clouds
2026-01-08T14:19:57.828Z,London,5.14,light rain
2026-01-08T14:19:57.830Z,London,5.14,light rain
2026-01-08T16:21:49.937Z,London,4.96,heavy intensity rain
2026-01-08T16:21:49.939Z,London,4.96,heavy intensity rain
2026-01-08T18:23:48.852Z,London,4.4,heavy intensity rain
2026-01-08T18:23:48.854Z,London,4.4,heavy intensity rain
2026-01-08T20:18:17.502Z,London,5.43,drizzle rain
2026-01-08T20:18:17.504Z,London,5.43,drizzle rain
2026-01-08T22:15:36.177Z,London,6.72,light rain
2026-01-08T22:15:36.179Z,London,6.72,light rain
2026-01-09T01:14:10.259Z,London,6.37,overcast clouds
2026-01-09T01:14:10.262Z,London,6.37,overcast clouds
2026-01-09T03:25:44.423Z,London,5.21,broken clouds
2026-01-09T03:25:44.425Z,London,5.21,broken clouds
2026-01-09T04:35:09.179Z,London,4.01,overcast clouds
2026-01-09T04:35:09.181Z,London,4.01,overcast clouds
2026-01-09T06:24:54.379Z,London,2.61,light rain
2026-01-09T06:24:54.381Z,London,2.61,light rain
2026-01-09T08:22:18.990Z,London,2.72,overcast clouds
2026-01-09T08:22:19.064Z,London,2.72,overcast clouds
2026-01-09T10:17:14.780Z,London,3.29,overcast clouds
2026-01-09T10:17:14.783Z,London,3.29,overcast clouds
2026-01-09T12:32:04.579Z,London,4.33,light rain
2026-01-09T12:32:04.581Z,London,4.33,light rain
2026-01-09T14:18:46.095Z,London,4.47,overcast clouds
2026-01-09T14:18:46.113Z,London,4.47,overcast clouds
2026-01-09T16:19:50.132Z,London,4.63,overcast clouds
2026-01-09T16:19:50.134Z,London,4.63,overcast clouds
2026-01-09T18:23:34.572Z,London,4.35,broken clouds
2026-01-09T18:23:34.574Z,London,4.35,broken clouds
2026-01-09T20:18:04.568Z,London,4.01,broken clouds
2026-01-09T20:18:04.570Z,London,4.01,broken clouds
2026-01-09T22:15:18.749Z,London,3.33,broken clouds
2026-01-09T22:15:18.752Z,London,3.33,broken clouds
2026-01-10T01:11:24.371Z,London,2.38,broken clouds
2026-01-10T01:11:24.373Z,London,2.38,broken clouds
2026-01-10T03:20:03.958Z,London,1.87,broken clouds
2026-01-10T03:20:03.960Z,London,1.87,broken clouds
2026-01-10T04:29:13.382Z,London,1.53,broken clouds
2026-01-10T04:29:13.384Z,London,1.53,broken clouds
2026-01-10T06:22:25.605Z,London,1.32,overcast clouds
2026-01-10T06:22:25.607Z,London,1.32,overcast clouds
2026-01-10T08:19:23.476Z,London,0.98,overcast clouds
2026-01-10T08:19:23.478Z,London,0.98,overcast clouds
2026-01-10T10:15:08.511Z,London,1.56,overcast clouds
2026-01-10T10:15:08.513Z,London,1.56,overcast clouds
2026-01-10T12:28:29.534Z,London,2.31,broken clouds
2026-01-10T12:28:29.536Z,London,2.31,broken clouds
2026-01-10T14:14:06.317Z,London,2.88,broken clouds
2026-01-10T14:14:06.320Z,London,2.88,broken clouds
2026-01-10T16:17:19.699Z,London,2.78,overcast clouds
2026-01-10T16:17:19.701Z,London,2.78,overcast clouds
2026-01-10T18:21:21.200Z,London,1.73,overcast clouds
2026-01-10T18:21:21.202Z,London,1.73,overcast clouds
2026-01-10T20:16:04.156Z,London,0.46,overcast clouds
2026-01-10T20:16:04.158Z,London,0.46,overcast clouds
2026-01-10T22:14:13.430Z,London,-0.8,fog
2026-01-10T22:14:13.432Z,London,-0.8,fog
2026-01-11T01:20:16.886Z,London,-1.23,fog
2026-01-11T01:20:16.888Z,London,-1.23,fog
2026-01-11T03:44:43.398Z,London,-0.99,mist
2026-01-11T03:44:43.404Z,London,-0.99,mist
2026-01-11T04:42:42.696Z,London,-0.78,overcast clouds
2026-01-11T04:42:42.698Z,London,-0.78,overcast clouds
2026-01-11T06:23:23.538Z,London,0.29,overcast clouds
2026-01-11T06:23:23.540Z,London,0.29,overcast clouds
2026-01-11T08:19:26.037Z,London,2.22,scattered clouds
2026-01-11T08:19:26.039Z,London,2.22,scattered clouds
2026-01-11T10:15:27.017Z,London,4.34,few clouds
2026-01-11T10:15:27.019Z,London,4.34,few clouds
2026-01-11T12:29:19.338Z,London,6.68,overcast clouds
2026-01-11T12:29:19.340Z,London,6.68,overcast clouds
2026-01-11T14:13:55.001Z,London,7.08,broken clouds
2026-01-11T14:13:55.003Z,London,7.08,broken clouds
2026-01-11T16:17:08.359Z,London,6.85,overcast clouds
2026-01-11T16:17:08.361Z,London,6.85,overcast clouds
2026-01-11T18:21:07.013Z,London,7.34,overcast clouds
2026-01-11T18:21:07.015Z,London,7.34,overcast clouds
2026-01-11T20:17:02.895Z,London,7.69,light rain
2026-01-11T20:17:02.916Z,London,7.69,light rain
2026-01-11T22:14:21.466Z,London,8.42,light rain
2026-01-11T22:14:21.468Z,London,8.42,light rain
2026-01-12T01:16:55.760Z,London,10.55,broken clouds
2026-01-12T01:16:55.762Z,London,10.55,broken clouds
2026-01-12T03:43:52.449Z,London,9.88,few clouds
2026-01-12T03:43:52.451Z,London,9.88,few clouds
2026-01-12T04:44:28.192Z,London,9.81,scattered clouds
2026-01-12T04:44:28.194Z,London,9.81,scattered clouds
2026-01-12T06:28:02.128Z,London,10,broken clouds
2026-01-12T06:28:02.130Z,London,10,broken clouds
2026-01-12T08:23:57.110Z,London,10.29,broken clouds
2026-01-12T08:23:57.113Z,London,10.29,broken clouds
2026-01-12T10:19:44.848Z,London,10.46,broken clouds
2026-01-12T10:19:44.851Z,London,10.46,broken clouds
2026-01-12T12:34:26.474Z,London,10.79,broken clouds
2026-01-12T12:34:26.476Z,London,10.79,broken clouds
2026-01-12T14:19:54.416Z,London,11.19,overcast clouds
2026-01-12T14:19:54.418Z,London,11.19,overcast clouds
2026-01-12T16:20:56.052Z,London,10.89,broken clouds
2026-01-12T16:20:56.054Z,London,10.89,broken clouds
2026-01-12T18:24:10.484Z,London,10.57,light rain
2026-01-12T18:24:10.495Z,London,10.57,light rain
2026-01-12T20:18:29.239Z,London,10.43,light rain
2026-01-12T20:18:29.241Z,London,10.43,light rain
2026-01-12T22:14:25.031Z,London,9.8,broken clouds
2026-01-12T22:14:25.033Z,London,9.8,broken clouds
2026-01-13T01:10:30.253Z,London,9.32,broken clouds
2026-01-13T01:10:30.255Z,London,9.32,broken clouds
2026-01-13T03:23:22.210Z,London,9.48,broken clouds
2026-01-13T03:23:22.212Z,London,9.48,broken clouds
2026-01-13T04:34:51.775Z,London,9.63,broken clouds
2026-01-13T04:34:51.777Z,London,9.63,broken clouds
2026-01-13T06:25:40.233Z,London,9.6,scattered clouds
2026-01-13T06:25:40.235Z,London,9.6,scattered clouds
2026-01-13T08:22:50.104Z,London,9.67,broken clouds
2026-01-13T08:22:50.107Z,London,9.67,broken clouds
2026-01-13T10:17:53.339Z,London,10.04,moderate rain
2026-01-13T10:17:53.341Z,London,10.04,moderate rain
2026-01-13T12:33:57.399Z,London,10.56,heavy intensity rain
2026-01-13T12:33:57.402Z,London,10.56,heavy intensity rain
2026-01-13T14:19:53.143Z,London,10.28,light rain
2026-01-13T14:19:53.145Z,London,10.28,light rain
2026-01-13T16:23:39.596Z,London,10.5,moderate rain
2026-01-13T16:23:39.598Z,London,10.5,moderate rain
2026-01-13T18:24:49.113Z,London,10.01,light rain
2026-01-13T18:24:49.115Z,London,10.01,light rain
2026-01-13T20:18:30.291Z,London,8.43,light rain
2026-01-13T20:18:30.293Z,London,8.43,light rain
2026-01-13T22:16:20.956Z,London,6.85,overcast clouds
2026-01-13T22:16:20.958Z,London,6.85,overcast clouds
2026-01-14T01:16:33.973Z,London,5.18,overcast clouds
2026-01-14T01:16:33.975Z,London,5.18,overcast clouds
2026-01-14T03:42:10.568Z,London,2.93,broken clouds
2026-01-14T03:42:10.570Z,London,2.93,broken clouds
2026-01-14T04:42:02.031Z,London,2.02,broken clouds
2026-01-14T04:42:02.033Z,London,2.02,broken clouds
2026-01-14T06:26:57.349Z,London,1.73,scattered clouds
2026-01-14T06:26:57.350Z,London,1.73,scattered clouds
2026-01-14T08:22:13.398Z,London,1.25,clear sky
2026-01-14T08:22:13.399Z,London,1.25,clear sky
2026-01-14T10:18:44.665Z,London,2.68,clear sky
2026-01-14T10:18:44.683Z,London,2.68,clear sky
2026-01-14T12:33:14.068Z,London,6.2,few clouds
2026-01-14T12:33:14.070Z,London,6.2,few clouds
2026-01-14T14:20:18.169Z,London,7.65,broken clouds
2026-01-14T14:20:18.171Z,London,7.65,broken clouds
2026-01-14T16:22:42.547Z,London,7.08,overcast clouds
2026-01-14T16:22:42.549Z,London,7.08,overcast clouds
2026-01-14T18:25:14.345Z,London,7.02,overcast clouds
2026-01-14T18:25:14.347Z,London,7.02,overcast clouds
2026-01-14T20:15:32.819Z,London,8.44,overcast clouds
2026-01-14T20:15:32.821Z,London,8.44,overcast clouds
2026-01-14T22:16:32.186Z,London,9.28,broken clouds
2026-01-14T22:16:32.213Z,London,9.28,broken clouds
2026-01-15T01:12:06.830Z,London,9.57,scattered clouds
2026-01-15T01:12:06.832Z,London,9.57,scattered clouds
2026-01-15T03:26:14.177Z,London,7.82,scattered clouds
2026-01-15T03:26:14.179Z,London,7.82,scattered clouds
2026-01-15T04:35:16.580Z,London,7.98,moderate rain
2026-01-15T04:35:16.581Z,London,7.98,moderate rain
2026-01-15T06:25:17.939Z,London,8.59,broken clouds
2026-01-15T06:25:17.941Z,London,8.59,broken clouds
2026-01-15T08:23:43.576Z,London,9,light rain
2026-01-15T08:23:43.578Z,London,9,light rain
2026-01-15T10:17:41.643Z,London,8.69,moderate rain
2026-01-15T10:17:41.645Z,London,8.69,moderate rain
2026-01-15T12:33:13.950Z,London,8.85,light rain
2026-01-15T12:33:13.952Z,London,8.85,light rain
2026-01-15T14:19:31.601Z,London,8.63,moderate rain
2026-01-15T14:19:31.604Z,London,8.63,moderate rain
2026-01-15T16:27:53.527Z,London,8.99,light rain
2026-01-15T16:27:53.545Z,London,8.99,light rain
2026-01-15T18:28:48.102Z,London,9.46,moderate rain
2026-01-15T18:28:48.104Z,London,9.46,moderate rain
2026-01-15T20:18:46.831Z,London,8.85,overcast clouds
2026-01-15T20:18:46.833Z,London,8.85,overcast clouds
2026-01-15T22:16:23.329Z,London,6.78,overcast clouds
2026-01-15T22:16:23.331Z,London,6.78,overcast clouds
2026-01-16T01:14:29.100Z,London,5.46,broken clouds
2026-01-16T01:14:29.102Z,London,5.46,broken clouds
2026-01-16T03:25:15.144Z,London,4.33,clear sky
2026-01-16T03:25:15.147Z,London,4.33,clear sky
2026-01-16T04:34:45.810Z,London,4.24,clear sky
2026-01-16T04:34:45.812Z,London,4.24,clear sky
2026-01-16T06:25:47.517Z,London,4.64,moderate rain
2026-01-16T06:25:47.520Z,London,4.64,moderate rain
2026-01-16T08:21:59.456Z,London,6,broken clouds
2026-01-16T08:21:59.458Z,London,6,broken clouds
2026-01-16T10:17:30.969Z,London,7.56,few clouds
2026-01-16T10:17:30.971Z,London,7.56,few clouds
2026-01-16T12:31:21.023Z,London,9.59,broken clouds
2026-01-16T12:31:21.025Z,London,9.59,broken clouds
2026-01-16T14:18:19.817Z,London,9.91,few clouds
2026-01-16T14:18:19.820Z,London,9.91,few clouds
2026-01-16T16:21:01.156Z,London,9.03,scattered clouds
2026-01-16T16:21:01.159Z,London,9.03,scattered clouds
2026-01-16T18:23:58.298Z,London,8.22,scattered clouds
2026-01-16T18:23:58.300Z,London,8.22,scattered clouds
2026-01-16T20:16:35.299Z,London,7.83,overcast clouds
2026-01-16T20:16:35.301Z,London,7.83,overcast clouds
2026-01-16T22:15:24.035Z,London,7.5,overcast clouds
2026-01-16T22:15:24.037Z,London,7.5,overcast clouds
2026-01-17T01:11:02.061Z,London,8,overcast clouds
2026-01-17T01:11:02.063Z,London,8,overcast clouds
2026-01-17T03:18:06.794Z,London,8.11,broken clouds
2026-01-17T03:18:06.815Z,London,8.11,broken clouds
2026-01-17T04:28:00.043Z,London,7.7,broken clouds
2026-01-17T04:28:00.045Z,London,7.7,broken clouds
2026-01-17T06:22:37.264Z,London,7.71,light rain
2026-01-17T06:22:37.267Z,London,7.71,light rain
2026-01-17T08:19:04.748Z,London,8.08,broken clouds
2026-01-17T08:19:04.750Z,London,8.08,broken clouds
2026-01-17T10:14:59.352Z,London,9.15,broken clouds
2026-01-17T10:14:59.354Z,London,9.15,broken clouds
2026-01-17T12:28:11.009Z,London,10.14,broken clouds
2026-01-17T12:28:11.012Z,London,10.14,broken clouds
2026-01-17T14:13:40.755Z,London,10.77,scattered clouds
2026-01-17T14:13:40.758Z,London,10.77,scattered clouds
2026-01-17T16:16:29.977Z,London,9.88,scattered clouds
2026-01-17T16:16:29.979Z,London,9.86,scattered clouds
2026-01-17T18:20:45.154Z,London,8.67,overcast clouds
2026-01-17T18:20:45.156Z,London,8.67,overcast clouds
2026-01-17T20:15:40.829Z,London,7.95,overcast clouds
2026-01-17T20:15:40.831Z,London,7.95,overcast clouds
2026-01-17T22:14:12.679Z,London,7.3,mist
2026-01-17T22:14:12.681Z,London,7.3,mist
2026-01-18T01:19:23.769Z,London,6.81,mist
2026-01-18T01:19:23.771Z,London,6.81,mist
2026-01-18T03:41:02.152Z,London,7.21,mist
2026-01-18T03:41:02.154Z,London,7.21,mist
2026-01-18T04:37:08.749Z,London,7.11,light rain
2026-01-18T04:37:08.752Z,London,7.11,light rain
2026-01-18T06:23:15.165Z,London,7,mist
2026-01-18T06:23:15.167Z,London,7,mist
2026-01-18T08:19:41.359Z,London,7.15,mist
2026-01-18T08:19:41.360Z,London,7.15,mist
2026-01-18T10:15:18.658Z,London,7.52,mist
2026-01-18T10:15:18.660Z,London,7.52,mist
2026-01-18T12:28:35.564Z,London,9.69,few clouds
2026-01-18T12:28:35.566Z,London,9.69,few clouds
2026-01-18T14:13:23.522Z,London,11.29,overcast clouds
2026-01-18T14:13:23.524Z,London,11.29,overcast clouds
2026-01-18T16:17:23.986Z,London,10.96,overcast clouds
2026-01-18T16:17:23.989Z,London,10.96,overcast clouds
2026-01-18T18:20:25.158Z,London,9.77,overcast clouds
2026-01-18T18:20:25.161Z,London,9.77,overcast clouds
2026-01-18T20:16:48.839Z,London,9.25,overcast clouds
2026-01-18T20:16:48.841Z,London,9.25,overcast clouds
2026-01-18T22:14:36.483Z,London,8.45,overcast clouds
2026-01-18T22:14:36.485Z,London,8.45,overcast clouds
2026-01-19T01:18:09.899Z,London,7.5,broken clouds
2026-01-19T01:18:09.901Z,London,7.5,broken clouds
2026-01-19T03:44:43.593Z,London,7.7,broken clouds
2026-01-19T03:44:43.595Z,London,7.7,broken clouds
2026-01-19T04:46:27.282Z,London,8.09,broken clouds
2026-01-19T04:46:27.284Z,London,8.09,broken clouds
2026-01-19T06:29:37.894Z,London,7.37,broken clouds
2026-01-19T06:29:37.896Z,London,7.37,broken clouds
2026-01-19T08:24:57.849Z,London,7.51,scattered clouds
2026-01-19T08:24:57.851Z,London,7.51,scattered clouds
2026-01-19T10:22:09.768Z,London,9.02,light rain
2026-01-19T10:22:09.770Z,London,9.02,light rain
2026-01-19T12:36:21.059Z,London,9.93,overcast clouds
2026-01-19T12:36:21.061Z,London,9.93,overcast clouds
2026-01-19T14:21:33.739Z,London,10.31,overcast clouds
2026-01-19T14:21:33.741Z,London,10.31,overcast clouds
2026-01-19T16:21:26.287Z,London,10.5,overcast clouds
2026-01-19T16:21:26.289Z,London,10.5,overcast clouds
2026-01-19T18:23:34.775Z,London,9.86,light rain
2026-01-19T18:23:34.777Z,London,9.86,light rain
2026-01-19T20:17:44.891Z,London,9.41,broken clouds
2026-01-19T20:17:44.893Z,London,9.41,broken clouds
2026-01-19T22:15:55.962Z,London,9.63,broken clouds
2026-01-19T22:15:55.964Z,London,9.63,broken clouds
2026-01-20T01:13:26.666Z,London,9.49,overcast clouds
2026-01-20T01:13:26.668Z,London,9.49,overcast clouds
2026-01-20T03:28:50.152Z,London,8.95,broken clouds
2026-01-20T03:28:50.154Z,London,8.95,broken clouds
2026-01-20T04:39:29.745Z,London,9.01,broken clouds
2026-01-20T04:39:29.747Z,London,9.01,broken clouds
2026-01-20T06:27:41.147Z,London,8.72,scattered clouds
2026-01-20T06:27:41.149Z,London,8.72,scattered clouds
2026-01-20T08:23:55.483Z,London,8.96,overcast clouds
2026-01-20T08:23:55.485Z,London,8.96,overcast clouds
2026-01-20T10:21:17.614Z,London,9.36,scattered clouds
2026-01-20T10:21:17.616Z,London,9.36,scattered clouds
2026-01-20T12:36:06.686Z,London,10.12,broken clouds
2026-01-20T12:36:06.688Z,London,10.12,broken clouds
2026-01-20T14:24:57.270Z,London,9.98,broken clouds
2026-01-20T14:24:57.272Z,London,9.98,broken clouds
2026-01-20T16:27:23.873Z,London,9.34,scattered clouds
2026-01-20T16:27:23.874Z,London,9.34,scattered clouds
2026-01-20T18:27:18.123Z,London,8.81,broken clouds
2026-01-20T18:27:18.126Z,London,8.81,broken clouds
2026-01-20T20:39:32.381Z,London,9.03,light rain
2026-01-20T20:39:32.383Z,London,9.03,light rain
2026-01-20T22:17:14.086Z,London,8.28,moderate rain
2026-01-20T22:17:14.088Z,London,8.28,moderate rain
2026-01-21T01:15:37.511Z,London,7.45,broken clouds
2026-01-21T01:15:37.513Z,London,7.45,broken clouds
2026-01-21T03:28:34.018Z,London,6.52,broken clouds
2026-01-21T03:28:34.020Z,London,6.52,broken clouds
2026-01-21T04:38:56.845Z,London,6.17,few clouds
2026-01-21T04:38:56.848Z,London,6.17,few clouds
2026-01-21T06:27:57.771Z,London,6.18,few clouds
2026-01-21T06:27:57.773Z,London,6.18,few clouds
2026-01-21T08:23:55.575Z,London,7.06,light rain
2026-01-21T08:23:55.577Z,London,7.06,light rain
2026-01-21T10:21:20.602Z,London,8.79,light rain
2026-01-21T10:21:20.604Z,London,8.79,light rain
2026-01-21T12:36:00.973Z,London,9.21,light rain
2026-01-21T12:36:00.975Z,London,9.21,light rain
2026-01-21T14:24:11.871Z,London,8.96,light rain
2026-01-21T14:24:11.873Z,London,8.96,light rain
2026-01-21T16:32:51.440Z,London,8.96,light rain
2026-01-21T16:32:51.442Z,London,8.96,light rain
2026-01-21T18:34:48.994Z,London,9.08,light rain
2026-01-21T18:34:48.996Z,London,9.08,light rain
2026-01-21T20:23:58.007Z,London,9.36,light rain
2026-01-21T20:23:58.009Z,London,9.36,light rain
2026-01-21T22:18:46.112Z,London,9.37,few clouds
2026-01-21T22:18:46.114Z,London,9.37,few clouds
2026-01-22T01:15:57.880Z,London,9.24,overcast clouds
2026-01-22T01:15:57.882Z,London,9.24,overcast clouds
2026-01-22T03:42:41.525Z,London,8.72,broken clouds
2026-01-22T03:42:41.528Z,London,8.72,broken clouds
2026-01-22T04:42:42.042Z,London,8.31,broken clouds
2026-01-22T04:42:42.045Z,London,8.31,broken clouds
2026-01-22T06:26:36.447Z,London,8.25,light rain
2026-01-22T06:26:36.449Z,London,8.25,light rain
2026-01-22T08:23:31.900Z,London,7.9,light rain
2026-01-22T08:23:31.902Z,London,7.9,light rain
2026-01-22T10:21:08.723Z,London,8.41,overcast clouds
2026-01-22T10:21:08.725Z,London,8.41,overcast clouds
2026-01-22T12:35:48.227Z,London,9.03,overcast clouds
2026-01-22T12:35:48.230Z,London,9.03,overcast clouds
2026-01-22T14:25:24.168Z,London,9.29,light rain
2026-01-22T14:25:24.170Z,London,9.29,light rain
2026-01-22T16:26:42.781Z,London,8.41,overcast clouds
2026-01-22T16:26:42.783Z,London,8.41,overcast clouds
2026-01-22T18:22:49.717Z,London,8.83,broken clouds
2026-01-22T18:22:49.719Z,London,8.83,broken clouds
2026-01-22T20:19:27.391Z,London,8.69,broken clouds
2026-01-22T20:19:27.393Z,London,8.69,broken clouds
2026-01-22T22:17:12.700Z,London,8.18,scattered clouds
2026-01-22T22:17:12.702Z,London,8.18,scattered clouds
2026-01-23T01:14:14.467Z,London,7.51,broken clouds
2026-01-23T01:14:14.469Z,London,7.51,broken clouds
2026-01-23T03:28:06.530Z,London,7.01,broken clouds
2026-01-23T03:28:06.532Z,London,7.01,broken clouds
2026-01-23T04:37:14.482Z,London,6.98,broken clouds
2026-01-23T04:37:14.484Z,London,6.98,broken clouds
2026-01-23T06:26:04.314Z,London,7.08,scattered clouds
2026-01-23T06:26:04.316Z,London,7.08,scattered clouds
2026-01-23T08:22:36.497Z,London,7.22,light rain
2026-01-23T08:22:36.500Z,London,7.22,light rain
2026-01-23T10:18:49.067Z,London,7.12,overcast clouds
2026-01-23T10:18:49.069Z,London,7.12,overcast clouds
2026-01-23T12:34:00.945Z,London,8.03,broken clouds
2026-01-23T12:34:00.947Z,London,8.03,broken clouds
2026-01-23T14:19:49.581Z,London,9.04,broken clouds
2026-01-23T14:19:49.583Z,London,9.04,broken clouds
2026-01-23T16:22:21.336Z,London,8.84,broken clouds
2026-01-23T16:22:21.338Z,London,8.84,broken clouds
2026-01-23T18:24:42.676Z,London,8.03,broken clouds
2026-01-23T18:24:42.678Z,London,8.03,broken clouds
2026-01-23T20:18:53.245Z,London,7.63,broken clouds
2026-01-23T20:18:53.247Z,London,7.63,broken clouds
2026-01-23T22:13:26.792Z,London,7.55,broken clouds
2026-01-23T22:13:26.794Z,London,7.55,broken clouds
2026-01-24T01:11:51.368Z,London,7.05,overcast clouds
2026-01-24T01:11:51.370Z,London,7.05,overcast clouds
2026-01-24T03:22:17.576Z,London,7.15,broken clouds
2026-01-24T03:22:17.578Z,London,7.15,broken clouds
2026-01-24T04:31:03.474Z,London,7.09,broken clouds
2026-01-24T04:31:03.476Z,London,7.09,broken clouds
2026-01-24T06:23:24.231Z,London,6.45,scattered clouds
2026-01-24T06:23:24.233Z,London,6.45,scattered clouds
2026-01-24T08:19:32.648Z,London,5.87,few clouds
2026-01-24T08:19:32.649Z,London,5.87,few clouds
2026-01-24T10:15:29.363Z,London,7.36,scattered clouds
2026-01-24T10:15:29.365Z,London,7.36,scattered clouds
2026-01-24T12:29:13.934Z,London,9.1,scattered clouds
2026-01-24T12:29:13.936Z,London,9.1,scattered clouds
2026-01-24T14:14:20.940Z,London,9.21,scattered clouds
2026-01-24T14:14:20.942Z,London,9.21,scattered clouds
2026-01-24T16:17:41.042Z,London,8.36,broken clouds
2026-01-24T16:17:41.044Z,London,8.36,broken clouds
2026-01-24T18:21:44.459Z,London,7.09,broken clouds
2026-01-24T18:21:44.461Z,London,7.09,broken clouds
2026-01-24T20:15:39.943Z,London,7.27,light rain
2026-01-24T20:15:39.945Z,London,7.27,light rain
2026-01-24T22:14:41.755Z,London,7.33,moderate rain
2026-01-24T22:14:41.757Z,London,7.33,moderate rain
2026-01-25T01:21:21.757Z,London,7.03,light rain
2026-01-25T01:21:21.759Z,London,7.03,light rain
2026-01-25T03:48:37.361Z,London,7.19,light rain
2026-01-25T03:48:37.363Z,London,7.19,light rain
2026-01-25T04:47:20.101Z,London,7.19,broken clouds
2026-01-25T04:47:20.104Z,London,7.19,broken clouds
2026-01-25T06:23:37.967Z,London,7.08,broken clouds
2026-01-25T06:23:37.969Z,London,7.08,broken clouds
2026-01-25T08:20:27.573Z,London,6.96,moderate rain
2026-01-25T08:20:27.576Z,London,6.96,moderate rain
2026-01-25T10:16:11.046Z,London,6.98,moderate rain
2026-01-25T10:16:11.049Z,London,6.98,moderate rain
2026-01-25T12:30:25.025Z,London,7.33,overcast clouds
2026-01-25T12:30:25.027Z,London,7.33,overcast clouds
2026-01-25T14:13:55.073Z,London,7.34,overcast clouds
2026-01-25T14:13:55.076Z,London,7.34,overcast clouds
2026-01-25T16:18:26.636Z,London,6.31,overcast clouds
2026-01-25T16:18:26.638Z,London,6.31,overcast clouds
2026-01-25T18:21:39.909Z,London,5.76,overcast clouds
2026-01-25T18:21:39.911Z,London,5.76,overcast clouds
2026-01-25T20:17:32.011Z,London,5.88,overcast clouds
2026-01-25T20:17:32.014Z,London,5.88,overcast clouds
2026-01-25T22:15:00.963Z,London,5.81,overcast clouds
2026-01-25T22:15:00.965Z,London,5.81,overcast clouds
2026-01-26T01:20:04.334Z,London,5.31,overcast clouds
2026-01-26T01:20:04.336Z,London,5.31,overcast clouds
2026-01-26T03:51:43.333Z,London,4.64,haze
2026-01-26T03:51:43.335Z,London,4.64,haze
2026-01-26T04:51:19.679Z,London,4.73,haze
2026-01-26T04:51:19.681Z,London,4.73,haze
2026-01-26T06:28:40.111Z,London,4.37,overcast clouds
2026-01-26T06:28:40.113Z,London,4.37,overcast clouds
2026-01-26T08:24:27.766Z,London,4.23,haze
2026-01-26T08:24:27.768Z,London,4.23,haze
2026-01-26T10:20:34.199Z,London,4.4,haze
2026-01-26T10:20:34.231Z,London,4.4,haze
2026-01-26T12:34:32.602Z,London,5.14,overcast clouds
2026-01-26T12:34:32.604Z,London,5.14,overcast clouds
2026-01-26T14:22:45.555Z,London,5.61,overcast clouds
2026-01-26T14:22:45.558Z,London,5.61,overcast clouds
2026-01-26T16:26:10.388Z,London,5.56,overcast clouds
2026-01-26T16:26:10.390Z,London,5.56,overcast clouds
2026-01-26T18:26:43.316Z,London,5.71,overcast clouds
2026-01-26T18:26:43.318Z,London,5.71,overcast clouds
2026-01-26T20:19:48.804Z,London,5.65,overcast clouds
2026-01-26T20:19:48.806Z,London,5.65,overcast clouds
2026-01-26T22:16:23.043Z,London,5.62,overcast clouds
2026-01-26T22:16:23.045Z,London,5.62,overcast clouds
2026-01-27T01:19:23.561Z,London,6.47,heavy intensity rain
2026-01-27T01:19:23.563Z,London,6.47,heavy intensity rain
2026-01-27T03:42:45.119Z,London,6.42,overcast clouds
2026-01-27T03:42:45.121Z,London,6.42,overcast clouds
2026-01-27T04:41:47.565Z,London,6.59,light rain
2026-01-27T04:41:47.568Z,London,6.59,light rain
2026-01-27T06:26:44.525Z,London,6.31,moderate rain
2026-01-27T06:26:44.527Z,London,6.31,moderate rain
2026-01-27T08:25:08.458Z,London,6.22,light rain
2026-01-27T08:25:08.461Z,London,6.22,light rain
2026-01-27T10:21:22.529Z,London,6.81,light rain
2026-01-27T10:21:22.531Z,London,6.81,light rain
2026-01-27T12:35:18.458Z,London,7.45,broken clouds
2026-01-27T12:35:18.461Z,London,7.45,broken clouds
2026-01-27T14:24:03.495Z,London,8.7,scattered clouds
2026-01-27T14:24:03.497Z,London,8.7,scattered clouds
2026-01-27T16:22:58.889Z,London,9.7,few clouds
2026-01-27T16:22:58.891Z,London,9.7,few clouds
2026-01-27T18:29:45.447Z,London,8.19,overcast clouds
2026-01-27T18:29:45.449Z,London,8.19,overcast clouds
2026-01-27T20:17:10.836Z,London,7.02,few clouds
2026-01-27T20:17:10.838Z,London,7.02,few clouds
2026-01-27T22:17:30.410Z,London,6.33,light rain
2026-01-27T22:17:30.413Z,London,6.33,light rain
2026-01-28T01:15:15.698Z,London,3.68,clear sky
2026-01-28T01:15:15.700Z,London,3.79,clear sky
2026-01-28T03:40:13.942Z,London,3.98,clear sky
2026-01-28T03:40:13.944Z,London,3.98,clear sky
2026-01-28T04:39:09.709Z,London,3.91,clear sky
2026-01-28T04:39:09.711Z,London,3.91,clear sky
2026-01-28T06:28:16.911Z,London,2.84,clear sky
2026-01-28T06:28:16.913Z,London,2.84,clear sky
2026-01-28T08:23:50.849Z,London,2.13,clear sky
2026-01-28T08:23:50.851Z,London,2.13,clear sky
2026-01-28T10:22:02.329Z,London,4.99,few clouds
2026-01-28T10:22:02.331Z,London,4.99,few clouds
2026-01-28T12:35:56.623Z,London,8.42,scattered clouds
2026-01-28T12:35:56.625Z,London,8.42,scattered clouds
2026-01-28T14:23:41.398Z,London,9.22,scattered clouds
2026-01-28T14:23:41.400Z,London,9.22,scattered clouds
2026-01-28T16:29:03.719Z,London,8.36,broken clouds
2026-01-28T16:29:03.721Z,London,8.36,broken clouds
2026-01-28T18:29:26.044Z,London,6.28,broken clouds
2026-01-28T18:29:26.046Z,London,6.28,broken clouds
2026-01-28T20:22:45.688Z,London,4.99,scattered clouds
2026-01-28T20:22:45.690Z,London,4.99,scattered clouds
2026-01-28T22:20:46.060Z,London,3.63,few clouds
2026-01-28T22:20:46.062Z,London,3.63,few clouds
2026-01-29T01:25:14.830Z,London,2.5,fog
2026-01-29T01:25:14.833Z,London,2.5,fog
2026-01-29T04:02:54.981Z,London,1.99,fog
2026-01-29T04:02:54.983Z,London,1.99,fog
2026-01-29T06:38:40.021Z,London,2.15,fog
2026-01-29T06:38:40.023Z,London,2.15,fog
2026-01-29T08:31:34.977Z,London,3.07,overcast clouds
2026-01-29T08:31:34.980Z,London,3.07,overcast clouds
2026-01-29T10:30:11.236Z,London,4.97,broken clouds
2026-01-29T10:30:11.238Z,London,4.97,broken clouds
2026-01-29T12:42:00.674Z,London,6.81,broken clouds
2026-01-29T12:42:00.676Z,London,6.81,broken clouds
2026-01-29T14:35:01.450Z,London,6.83,overcast clouds
2026-01-29T14:35:01.452Z,London,6.83,overcast clouds
2026-01-29T16:35:48.519Z,London,6.06,broken clouds
2026-01-29T16:35:48.521Z,London,6.06,broken clouds
2026-01-29T18:35:26.906Z,London,5.19,overcast clouds
2026-01-29T18:35:26.908Z,London,5.19,overcast clouds
2026-01-29T20:23:26.572Z,London,4.7,overcast clouds
2026-01-29T20:23:26.574Z,London,4.7,overcast clouds
2026-01-29T22:21:26.291Z,London,4.56,overcast clouds
2026-01-29T22:21:26.293Z,London,4.56,overcast clouds
2026-01-30T01:24:32.244Z,London,4.21,moderate rain
2026-01-30T01:24:32.247Z,London,4.21,moderate rain
2026-01-30T04:03:32.435Z,London,4.59,overcast clouds
2026-01-30T04:03:32.437Z,London,4.59,overcast clouds
2026-01-30T06:39:44.169Z,London,5.66,moderate rain
2026-01-30T06:39:44.170Z,London,5.66,moderate rain
2026-01-30T08:30:05.036Z,London,6.25,moderate rain
2026-01-30T08:30:05.038Z,London,6.25,moderate rain
2026-01-30T10:27:23.166Z,London,8.08,broken clouds
2026-01-30T10:27:23.168Z,London,8.08,broken clouds
2026-01-30T12:39:26.546Z,London,10.32,broken clouds
2026-01-30T12:39:26.547Z,London,10.32,broken clouds
2026-01-30T14:30:35.448Z,London,10.72,broken clouds
2026-01-30T14:30:35.450Z,London,10.72,broken clouds
2026-01-30T16:31:19.473Z,London,9.45,broken clouds
2026-01-30T16:31:19.475Z,London,9.45,broken clouds
2026-01-30T18:33:14.358Z,London,8.6,moderate rain
2026-01-30T18:33:14.360Z,London,8.6,moderate rain
2026-01-30T20:21:47.271Z,London,8.54,broken clouds
2026-01-30T20:21:47.273Z,London,8.54,broken clouds
2026-01-30T22:18:34.774Z,London,7.32,overcast clouds
2026-01-30T22:18:34.782Z,London,7.32,overcast clouds
2026-01-31T01:21:53.683Z,London,7.29,scattered clouds
2026-01-31T01:21:53.685Z,London,7.29,scattered clouds
2026-01-31T04:00:08.971Z,London,6.86,few clouds
2026-01-31T04:00:08.973Z,London,6.86,few clouds
2026-01-31T05:04:53.565Z,London,6.76,few clouds
2026-01-31T05:04:53.567Z,London,6.76,few clouds
2026-01-31T06:30:25.705Z,London,6.79,few clouds
2026-01-31T06:30:25.708Z,London,6.79,few clouds
2026-01-31T08:22:03.451Z,London,7.28,overcast clouds
2026-01-31T08:22:03.453Z,London,7.28,overcast clouds
2026-01-31T10:18:09.852Z,London,8.39,broken clouds
2026-01-31T10:18:09.855Z,London,8.39,broken clouds
2026-01-31T12:33:18.198Z,London,9.61,broken clouds
2026-01-31T12:33:18.200Z,London,9.61,broken clouds
2026-01-31T14:18:37.674Z,London,10.59,scattered clouds
2026-01-31T14:18:37.676Z,London,10.59,scattered clouds
2026-01-31T16:20:01.575Z,London,9.46,broken clouds
2026-01-31T16:20:01.577Z,London,9.46,broken clouds
2026-01-31T18:23:15.963Z,London,8.7,broken clouds
2026-01-31T18:23:15.966Z,London,8.7,broken clouds
2026-01-31T20:18:32.404Z,London,7.66,broken clouds
2026-01-31T20:18:32.407Z,London,7.66,broken clouds
2026-01-31T22:16:32.862Z,London,7.72,broken clouds
2026-01-31T22:16:32.864Z,London,7.72,broken clouds
2026-02-01T01:48:24.578Z,London,7.47,broken clouds
2026-02-01T01:48:24.580Z,London,7.47,broken clouds
2026-02-01T04:24:59.139Z,London,7.43,overcast clouds
2026-02-01T04:24:59.141Z,London,7.43,overcast clouds
2026-02-01T06:41:15.964Z,London,7.64,overcast clouds
2026-02-01T06:41:15.966Z,London,7.64,overcast clouds
2026-02-01T08:25:10.806Z,London,7.88,broken clouds
2026-02-01T08:25:10.808Z,London,7.88,broken clouds
2026-02-01T10:19:20.621Z,London,8.54,light rain
2026-02-01T10:19:20.623Z,London,8.54,light rain
2026-02-01T12:35:02.075Z,London,9.49,overcast clouds
2026-02-01T12:35:02.077Z,London,9.49,overcast clouds
2026-02-01T14:20:34.916Z,London,8.85,light rain
2026-02-01T14:20:34.919Z,London,8.85,light rain
2026-02-01T16:21:19.712Z,London,8.63,light rain
2026-02-01T16:21:19.714Z,London,8.63,light rain
2026-02-01T18:25:30.087Z,London,8.17,light rain
2026-02-01T18:25:30.089Z,London,8.17,light rain
2026-02-01T20:18:57.580Z,London,7.79,moderate rain
2026-02-01T20:18:57.582Z,London,7.79,moderate rain
2026-02-01T22:17:38.998Z,London,7.37,light rain
2026-02-01T22:17:39.000Z,London,7.37,light rain
2026-02-02T01:29:07.807Z,London,7.2,overcast clouds
2026-02-02T01:29:07.809Z,London,7.2,overcast clouds
2026-02-02T04:17:52.728Z,London,7.26,overcast clouds
2026-02-02T04:17:52.730Z,London,7.26,overcast clouds
2026-02-02T06:55:32.421Z,London,7.23,overcast clouds
2026-02-02T06:55:32.438Z,London,7.23,overcast clouds
2026-02-02T08:35:40.269Z,London,7.24,overcast clouds
2026-02-02T08:35:40.271Z,London,7.24,overcast clouds
2026-02-02T10:37:55.270Z,London,7.79,overcast clouds
2026-02-02T10:37:55.272Z,London,7.79,overcast clouds
2026-02-02T12:43:10.908Z,London,8.24,overcast clouds
2026-02-02T12:43:10.910Z,London,8.24,overcast clouds
2026-02-02T14:37:10.160Z,London,8.17,overcast clouds
2026-02-02T14:37:10.162Z,London,8.17,overcast clouds
2026-02-02T16:31:11.737Z,London,7.77,overcast clouds
2026-02-02T16:31:11.739Z,London,7.77,overcast clouds
2026-02-02T18:34:43.295Z,London,7.44,overcast clouds
2026-02-02T18:34:43.297Z,London,7.44,overcast clouds
2026-02-03T01:29:15.347Z,London,6.65,overcast clouds
2026-02-03T01:29:15.349Z,London,6.65,overcast clouds
2026-02-03T04:09:51.872Z,London,6.08,overcast clouds
2026-02-03T04:09:51.875Z,London,6.08,overcast clouds
2026-02-03T06:41:36.444Z,London,5.26,overcast clouds
2026-02-03T06:41:36.446Z,London,5.26,overcast clouds
2026-02-03T08:29:35.020Z,London,4.79,light rain
2026-02-03T08:29:35.022Z,London,4.79,light rain
2026-02-03T10:33:34.558Z,London,4.74,light rain
2026-02-03T10:33:34.561Z,London,4.74,light rain
2026-02-03T12:43:36.415Z,London,4.7,light intensity drizzle rain
2026-02-03T12:43:36.418Z,London,4.7,light intensity drizzle rain
2026-02-03T14:39:36.686Z,London,4.42,light rain
2026-02-03T14:39:36.688Z,London,4.42,light rain
2026-02-03T16:44:15.235Z,London,3.82,moderate rain
2026-02-03T16:44:15.237Z,London,3.82,moderate rain
2026-02-03T18:47:29.751Z,London,3.63,moderate rain
2026-02-03T18:47:29.754Z,London,3.63,moderate rain
2026-02-03T20:28:58.700Z,London,3.72,moderate rain
2026-02-03T20:28:58.702Z,London,3.72,moderate rain
2026-02-03T22:24:07.354Z,London,3.61,broken clouds
2026-02-03T22:24:07.356Z,London,3.61,broken clouds
2026-02-04T01:24:51.258Z,London,4.23,overcast clouds
2026-02-04T01:24:51.260Z,London,4.23,overcast clouds
2026-02-04T04:06:33.355Z,London,4.69,mist
2026-02-04T04:06:33.358Z,London,4.69,mist
2026-02-04T06:42:06.906Z,London,5.24,broken clouds
2026-02-04T06:42:06.909Z,London,5.24,broken clouds
2026-02-04T08:33:14.151Z,London,6.44,broken clouds
2026-02-04T08:33:14.153Z,London,6.44,broken clouds
2026-02-04T10:32:47.595Z,London,8.14,broken clouds
2026-02-04T10:32:47.596Z,London,8.14,broken clouds
2026-02-04T12:43:29.677Z,London,9.83,few clouds
2026-02-04T12:43:29.680Z,London,9.83,few clouds
2026-02-04T14:37:39.683Z,London,10.97,scattered clouds
2026-02-04T14:37:39.685Z,London,10.97,scattered clouds
2026-02-04T16:38:46.022Z,London,9.52,broken clouds
2026-02-04T16:38:46.024Z,London,9.52,broken clouds
2026-02-04T18:39:55.120Z,London,8.41,overcast clouds
2026-02-04T18:39:55.123Z,London,8.41,overcast clouds
2026-02-04T20:27:08.287Z,London,8.62,broken clouds
2026-02-04T20:27:08.289Z,London,8.62,broken clouds
2026-02-04T22:20:07.372Z,London,8.28,broken clouds
2026-02-04T22:20:07.374Z,London,8.28,broken clouds
2026-02-05T01:24:59.874Z,London,7.51,overcast clouds
2026-02-05T01:24:59.876Z,London,7.51,overcast clouds
2026-02-05T04:08:45.069Z,London,6.57,broken clouds
2026-02-05T04:08:45.071Z,London,6.57,broken clouds
2026-02-05T06:50:31.661Z,London,6.25,overcast clouds
2026-02-05T06:50:31.663Z,London,6.25,overcast clouds
2026-02-05T08:35:11.017Z,London,6.17,light intensity drizzle rain
2026-02-05T08:35:11.019Z,London,6.17,light intensity drizzle rain
2026-02-05T10:34:29.390Z,London,6.52,light rain
2026-02-05T10:34:29.392Z,London,6.52,light rain
2026-02-05T12:45:26.564Z,London,7.23,overcast clouds
2026-02-05T12:45:26.592Z,London,7.23,overcast clouds
2026-02-05T14:39:07.065Z,London,7.58,overcast clouds
2026-02-05T14:39:07.067Z,London,7.58,overcast clouds
2026-02-05T16:39:21.006Z,London,7.97,light rain
2026-02-05T16:39:21.008Z,London,7.97,light rain
2026-02-05T18:40:18.839Z,London,8.08,moderate rain
2026-02-05T18:40:18.841Z,London,8.08,moderate rain
2026-02-05T20:26:24.103Z,London,8.34,light rain
2026-02-05T20:26:24.106Z,London,8.34,light rain
2026-02-05T22:20:54.025Z,London,8.48,light rain
2026-02-05T22:20:54.027Z,London,8.48,light rain
2026-02-06T01:25:56.145Z,London,8.45,broken clouds
2026-02-06T01:25:56.148Z,London,8.45,broken clouds
2026-02-06T04:09:00.166Z,London,8.42,broken clouds
2026-02-06T04:09:00.168Z,London,8.42,broken clouds
2026-02-06T06:44:34.461Z,London,8.42,overcast clouds
2026-02-06T06:44:34.463Z,London,8.42,overcast clouds
2026-02-06T08:34:28.285Z,London,8.47,overcast clouds
2026-02-06T08:34:28.287Z,London,8.47,overcast clouds
2026-02-06T10:32:56.419Z,London,8.75,overcast clouds
2026-02-06T10:32:56.421Z,London,8.75,overcast clouds
2026-02-06T12:43:37.875Z,London,10.44,broken clouds
2026-02-06T12:43:37.877Z,London,10.44,broken clouds
2026-02-06T14:36:27.727Z,London,10.96,broken clouds
2026-02-06T14:36:27.761Z,London,10.96,broken clouds
2026-02-06T16:37:00.039Z,London,10.37,light rain
2026-02-06T16:37:00.041Z,London,10.37,light rain
2026-02-06T18:39:51.446Z,London,10.19,scattered clouds
2026-02-06T18:39:51.448Z,London,10.19,scattered clouds
2026-02-06T20:26:40.849Z,London,9.62,few clouds
2026-02-06T20:26:40.851Z,London,9.62,few clouds
2026-02-06T22:16:35.937Z,London,8.45,scattered clouds
2026-02-06T22:16:35.939Z,London,8.45,scattered clouds
2026-02-07T01:23:56.233Z,London,7.6,scattered clouds
2026-02-07T01:23:56.235Z,London,7.6,scattered clouds
2026-02-07T04:02:48.443Z,London,7.39,broken clouds
2026-02-07T04:02:48.445Z,London,7.39,broken clouds
2026-02-07T06:34:45.020Z,London,8.25,light rain
2026-02-07T06:34:45.023Z,London,8.25,light rain
2026-02-07T08:23:07.021Z,London,8.46,light rain
2026-02-07T08:23:07.023Z,London,8.46,light rain
2026-02-07T10:19:27.111Z,London,8.73,broken clouds
2026-02-07T10:19:27.113Z,London,8.73,broken clouds
2026-02-07T12:33:48.958Z,London,9.52,overcast clouds
2026-02-07T12:33:48.959Z,London,9.52,overcast clouds
2026-02-07T14:20:38.643Z,London,10.31,broken clouds
2026-02-07T14:20:38.645Z,London,10.31,broken clouds
2026-02-07T16:22:00.188Z,London,10.37,overcast clouds
2026-02-07T16:22:00.190Z,London,10.37,overcast clouds
2026-02-07T18:26:06.842Z,London,9.87,scattered clouds
2026-02-07T18:26:06.844Z,London,9.87,scattered clouds
2026-02-07T20:19:25.799Z,London,9.64,few clouds
2026-02-07T20:19:25.801Z,London,9.64,few clouds
2026-02-07T22:19:03.066Z,London,9.07,broken clouds
2026-02-07T22:19:03.068Z,London,9.07,broken clouds
2026-02-08T02:00:35.146Z,London,8.06,broken clouds
2026-02-08T02:00:35.148Z,London,8.06,broken clouds
2026-02-08T05:21:19.719Z,London,7.51,scattered clouds
2026-02-08T05:21:19.721Z,London,7.51,scattered clouds
2026-02-08T06:41:17.625Z,London,7.43,overcast clouds
2026-02-08T06:41:17.648Z,London,7.43,overcast clouds
2026-02-08T08:25:41.153Z,London,7.69,broken clouds
2026-02-08T08:25:41.155Z,London,7.69,broken clouds
2026-02-08T10:19:54.298Z,London,9.4,broken clouds
2026-02-08T10:19:54.300Z,London,9.4,broken clouds
2026-02-08T12:35:01.807Z,London,10.93,broken clouds
2026-02-08T12:35:01.810Z,London,10.93,broken clouds
2026-02-08T14:21:46.880Z,London,10.91,broken clouds
2026-02-08T14:21:46.882Z,London,10.91,broken clouds
2026-02-08T16:22:29.892Z,London,10.03,overcast clouds
2026-02-08T16:22:29.894Z,London,9.99,overcast clouds
2026-02-08T18:28:12.448Z,London,9.45,few clouds
2026-02-08T18:28:12.449Z,London,9.45,few clouds
2026-02-08T20:19:21.346Z,London,9.15,broken clouds
2026-02-08T20:19:21.348Z,London,9.15,broken clouds
2026-02-08T22:19:54.666Z,London,8.76,scattered clouds
2026-02-08T22:19:54.668Z,London,8.76,scattered clouds
2026-02-09T01:43:55.518Z,London,8.28,scattered clouds
2026-02-09T01:43:55.520Z,London,8.28,scattered clouds
2026-02-09T04:21:53.542Z,London,7.72,broken clouds
2026-02-09T04:21:53.544Z,London,7.72,broken clouds
2026-02-09T06:57:37.878Z,London,7.01,scattered clouds
2026-02-09T06:57:37.880Z,London,7.01,scattered clouds
2026-02-09T08:42:54.320Z,London,7.43,broken clouds
2026-02-09T08:42:54.322Z,London,7.43,broken clouds
2026-02-09T10:51:13.620Z,London,9.21,broken clouds
2026-02-09T10:51:13.622Z,London,9.21,broken clouds
2026-02-09T12:55:01.787Z,London,9.81,broken clouds
2026-02-09T12:55:01.790Z,London,9.81,broken clouds
2026-02-09T14:46:40.615Z,London,9.09,overcast clouds
2026-02-09T14:46:40.617Z,London,9.09,overcast clouds
2026-02-09T18:50:36.707Z,London,7.79,overcast clouds
2026-02-09T18:50:36.717Z,London,7.79,overcast clouds
2026-02-09T20:33:07.553Z,London,7.8,overcast clouds
2026-02-09T20:33:07.555Z,London,7.8,overcast clouds
2026-02-09T22:30:13.115Z,London,8.11,broken clouds
2026-02-09T22:30:13.118Z,London,8.11,broken clouds
2026-02-10T01:53:50.372Z,London,7.88,overcast clouds
2026-02-10T01:53:50.374Z,London,7.88,overcast clouds
2026-02-10T04:28:05.657Z,London,7.95,overcast clouds
2026-02-10T04:28:05.659Z,London,7.95,overcast clouds
2026-02-10T06:57:20.922Z,London,7.87,overcast clouds
2026-02-10T06:57:20.924Z,London,7.87,overcast clouds
2026-02-10T08:43:42.055Z,London,8.16,overcast clouds
2026-02-10T08:43:42.059Z,London,8.16,overcast clouds
2026-02-10T10:49:37.177Z,London,9.57,overcast clouds
2026-02-10T10:49:37.179Z,London,9.57,overcast clouds
2026-02-10T12:58:54.783Z,London,11.14,broken clouds
2026-02-10T12:58:54.785Z,London,11.14,broken clouds
2026-02-10T14:53:18.073Z,London,11.35,broken clouds
2026-02-10T14:53:18.075Z,London,11.35,broken clouds
2026-02-10T16:57:05.539Z,London,10,moderate rain
2026-02-10T16:57:05.541Z,London,10,moderate rain
2026-02-10T18:58:10.097Z,London,9.51,heavy intensity rain
2026-02-10T18:58:10.099Z,London,9.51,heavy intensity rain
2026-02-10T20:37:19.859Z,London,9.49,broken clouds
2026-02-10T20:37:19.861Z,London,9.49,broken clouds
2026-02-10T22:33:41.389Z,London,9.64,overcast clouds
2026-02-10T22:33:41.391Z,London,9.64,overcast clouds
2026-02-11T01:50:12.624Z,London,9.74,broken clouds
2026-02-11T01:50:12.627Z,London,9.74,broken clouds
2026-02-11T04:25:39.783Z,London,9.96,light rain
2026-02-11T04:25:39.785Z,London,9.96,light rain
2026-02-11T06:54:23.608Z,London,10.15,overcast clouds
2026-02-11T06:54:23.611Z,London,10.15,overcast clouds
2026-02-11T08:40:27.706Z,London,10.57,broken clouds
2026-02-11T08:40:27.708Z,London,10.57,broken clouds
2026-02-11T10:42:40.417Z,London,11.36,overcast clouds
2026-02-11T10:42:40.419Z,London,11.36,overcast clouds
2026-02-11T12:55:13.668Z,London,11.99,broken clouds
2026-02-11T12:55:13.670Z,London,11.99,broken clouds
2026-02-11T14:48:24.878Z,London,11.99,broken clouds
2026-02-11T14:48:24.881Z,London,11.99,broken clouds
2026-02-11T16:58:58.247Z,London,10.72,light rain
2026-02-11T16:58:58.249Z,London,10.72,light rain
2026-02-11T18:54:46.625Z,London,9.4,drizzle rain
2026-02-11T18:54:46.627Z,London,9.4,drizzle rain
2026-02-11T20:32:19.962Z,London,9.2,light rain
2026-02-11T20:32:19.965Z,London,9.2,light rain
2026-02-11T22:23:45.403Z,London,8.95,light rain
2026-02-11T22:23:45.405Z,London,8.95,light rain
2026-02-12T01:43:42.062Z,London,7.56,overcast clouds
2026-02-12T01:43:42.064Z,London,7.53,overcast clouds
2026-02-12T04:19:14.435Z,London,7.58,overcast clouds
2026-02-12T04:19:14.438Z,London,7.58,overcast clouds
2026-02-12T06:54:13.027Z,London,7.42,scattered clouds
2026-02-12T06:54:13.029Z,London,7.42,scattered clouds
2026-02-12T08:38:51.250Z,London,7.55,overcast clouds
2026-02-12T08:38:51.252Z,London,7.55,overcast clouds
2026-02-12T10:38:16.111Z,London,9.06,scattered clouds
2026-02-12T10:38:16.113Z,London,9.06,scattered clouds
2026-02-12T12:52:45.660Z,London,10.45,overcast clouds
2026-02-12T12:52:45.662Z,London,10.45,overcast clouds
2026-02-12T14:42:25.735Z,London,9.77,light rain
2026-02-12T14:42:25.737Z,London,9.77,light rain
2026-02-12T16:51:30.729Z,London,8.62,light rain
2026-02-12T16:51:30.731Z,London,8.62,light rain
2026-02-12T18:54:24.635Z,London,7.88,broken clouds
2026-02-12T18:54:24.637Z,London,7.88,broken clouds
2026-02-12T20:27:44.772Z,London,6.8,scattered clouds
2026-02-12T20:27:44.774Z,London,6.8,scattered clouds
2026-02-12T22:25:41.263Z,London,6.58,broken clouds
2026-02-12T22:25:41.282Z,London,6.58,broken clouds
2026-02-13T01:45:56.109Z,London,6.94,broken clouds
2026-02-13T01:45:56.111Z,London,6.94,broken clouds
2026-02-13T04:14:48.020Z,London,5.77,few clouds
2026-02-13T04:14:48.022Z,London,5.77,few clouds
2026-02-13T06:52:31.759Z,London,5.71,broken clouds
2026-02-13T06:52:31.762Z,London,5.71,broken clouds
2026-02-13T08:35:51.567Z,London,6.34,overcast clouds
2026-02-13T08:35:51.569Z,London,6.34,overcast clouds
2026-02-13T10:33:42.295Z,London,7.26,overcast clouds
2026-02-13T10:33:42.297Z,London,7.26,overcast clouds
2026-02-13T12:42:35.122Z,London,8.2,overcast clouds
2026-02-13T12:42:35.124Z,London,8.2,overcast clouds
2026-02-13T14:37:08.945Z,London,8.06,overcast clouds
2026-02-13T14:37:08.947Z,London,8.06,overcast clouds
2026-02-13T16:37:41.602Z,London,6.46,overcast clouds
2026-02-13T16:37:41.604Z,London,6.46,overcast clouds
2026-02-13T18:38:19.118Z,London,5.35,overcast clouds
2026-02-13T18:38:19.120Z,London,5.35,overcast clouds
2026-02-13T20:30:16.865Z,London,4.95,overcast clouds
2026-02-13T20:30:16.867Z,London,4.95,overcast clouds
2026-02-13T22:26:40.888Z,London,4.26,broken clouds
2026-02-13T22:26:40.891Z,London,4.26,broken clouds
2026-02-14T01:25:25.930Z,London,3.37,broken clouds
2026-02-14T01:25:25.932Z,London,3.37,broken clouds
2026-02-14T04:04:35.963Z,London,2.59,broken clouds
2026-02-14T04:04:35.965Z,London,2.59,broken clouds
2026-02-14T06:36:40.057Z,London,0.95,few clouds
2026-02-14T06:36:40.142Z,London,0.95,few clouds
2026-02-14T08:24:27.940Z,London,0.73,scattered clouds
2026-02-14T08:24:27.942Z,London,0.73,scattered clouds
2026-02-14T10:20:13.459Z,London,3.7,clear sky
2026-02-14T10:20:13.461Z,London,3.7,clear sky
2026-02-14T12:33:52.490Z,London,5.58,few clouds
2026-02-14T12:33:52.537Z,London,5.58,few clouds
2026-02-14T14:20:59.349Z,London,6.18,few clouds
2026-02-14T14:20:59.351Z,London,6.18,few clouds
2026-02-14T16:21:13.706Z,London,5.65,few clouds
2026-02-14T16:21:13.708Z,London,5.65,few clouds
2026-02-14T18:25:29.873Z,London,3.28,scattered clouds
2026-02-14T18:25:29.875Z,London,3.28,scattered clouds
2026-02-14T20:18:51.010Z,London,3.41,overcast clouds
2026-02-14T20:18:51.012Z,London,3.41,overcast clouds
2026-02-14T22:16:49.807Z,London,3.32,overcast clouds
2026-02-14T22:16:49.809Z,London,3.32,overcast clouds
2026-02-15T01:45:36.516Z,London,3.9,light rain
2026-02-15T01:45:36.518Z,London,3.9,light rain
2026-02-15T04:15:56.156Z,London,3.63,broken clouds
2026-02-15T04:15:56.159Z,London,3.63,broken clouds
2026-02-15T06:42:59.383Z,London,3.2,light rain
2026-02-15T06:42:59.385Z,London,3.2,light rain
2026-02-15T08:25:54.691Z,London,3.91,moderate rain
2026-02-15T08:25:54.694Z,London,3.91,moderate rain
2026-02-15T10:20:04.962Z,London,4.19,moderate rain
2026-02-15T10:20:04.964Z,London,4.19,moderate rain
2026-02-15T12:36:19.105Z,London,5.2,moderate rain
2026-02-15T12:36:19.107Z,London,5.2,moderate rain
2026-02-15T14:21:07.363Z,London,6.84,overcast clouds
2026-02-15T14:21:07.365Z,London,6.84,overcast clouds
2026-02-15T16:21:33.140Z,London,8.05,overcast clouds
2026-02-15T16:21:33.142Z,London,8.05,overcast clouds
2026-02-15T18:27:20.427Z,London,8.57,broken clouds
2026-02-15T18:27:20.429Z,London,8.57,broken clouds
2026-02-15T20:18:59.326Z,London,7.55,broken clouds
2026-02-15T20:18:59.328Z,London,7.55,broken clouds
2026-02-15T22:18:02.265Z,London,6.57,few clouds
2026-02-15T22:18:02.267Z,London,6.57,few clouds
2026-02-16T01:29:16.288Z,London,6.21,few clouds
2026-02-16T01:29:16.290Z,London,6.21,few clouds
2026-02-16T04:19:27.561Z,London,5.79,few clouds
2026-02-16T04:19:27.563Z,London,5.79,few clouds
2026-02-16T06:56:11.801Z,London,5.57,overcast clouds
2026-02-16T06:56:11.804Z,London,5.57,overcast clouds
2026-02-16T08:39:04.333Z,London,5.66,scattered clouds
2026-02-16T08:39:04.335Z,London,5.66,scattered clouds
2026-02-16T10:42:44.181Z,London,8.12,broken clouds
2026-02-16T10:42:44.183Z,London,8.12,broken clouds
2026-02-16T12:47:50.237Z,London,8.71,overcast clouds
2026-02-16T12:47:50.239Z,London,8.71,overcast clouds
2026-02-16T14:37:34.309Z,London,7.93,broken clouds
2026-02-16T14:37:34.312Z,London,7.93,broken clouds
2026-02-16T16:36:04.995Z,London,7.85,heavy intensity rain
2026-02-16T16:36:04.997Z,London,7.85,heavy intensity rain
2026-02-16T18:34:46.237Z,London,6.52,light rain
2026-02-16T18:34:46.239Z,London,6.52,light rain
2026-02-16T20:23:12.563Z,London,6.53,broken clouds
2026-02-16T20:23:12.566Z,London,6.53,broken clouds
2026-02-16T22:20:51.087Z,London,6.4,scattered clouds
2026-02-16T22:20:51.089Z,London,6.4,scattered clouds
2026-02-17T01:28:24.348Z,London,5.52,clear sky
2026-02-17T01:28:24.350Z,London,5.52,clear sky
2026-02-17T04:13:16.309Z,London,3.83,broken clouds
2026-02-17T04:13:16.311Z,London,3.83,broken clouds
2026-02-17T06:51:20.671Z,London,2.61,clear sky
2026-02-17T06:51:20.676Z,London,2.61,clear sky
2026-02-17T08:37:11.045Z,London,2.91,few clouds
2026-02-17T08:37:11.053Z,London,2.91,few clouds
2026-02-17T10:38:31.713Z,London,5.43,scattered clouds
2026-02-17T10:38:31.716Z,London,5.43,scattered clouds
2026-02-17T12:48:17.101Z,London,6.58,overcast clouds
2026-02-17T12:48:17.104Z,London,6.58,overcast clouds
2026-02-17T14:40:35.600Z,London,6.46,overcast clouds
2026-02-17T14:40:35.602Z,London,6.46,overcast clouds
2026-02-17T16:50:28.598Z,London,5.48,overcast clouds
2026-02-17T16:50:28.600Z,London,5.48,overcast clouds
2026-02-17T18:48:50.121Z,London,3.87,overcast clouds
2026-02-17T18:48:50.123Z,London,3.87,overcast clouds
2026-02-17T20:29:58.699Z,London,3.49,overcast clouds
2026-02-17T20:29:58.702Z,London,3.49,overcast clouds
2026-02-17T22:24:03.344Z,London,2.96,overcast clouds
2026-02-17T22:24:03.354Z,London,2.96,overcast clouds
2026-02-18T01:43:12.195Z,London,2.79,overcast clouds
2026-02-18T01:43:12.198Z,London,2.79,overcast clouds
2026-02-18T04:15:21.277Z,London,3.46,overcast clouds
2026-02-18T04:15:21.280Z,London,3.46,overcast clouds
2026-02-18T06:54:29.343Z,London,3.75,overcast clouds
2026-02-18T06:54:29.345Z,London,3.75,overcast clouds
2026-02-18T08:37:29.385Z,London,4.14,overcast clouds
2026-02-18T08:37:29.388Z,London,4.14,overcast clouds
2026-02-18T10:38:08.614Z,London,5.24,overcast clouds
2026-02-18T10:38:08.617Z,London,5.24,overcast clouds
2026-02-18T12:49:59.553Z,London,5.65,overcast clouds
2026-02-18T12:49:59.556Z,London,5.65,overcast clouds
2026-02-18T14:39:49.664Z,London,5.29,overcast clouds
2026-02-18T14:39:49.666Z,London,5.29,overcast clouds
2026-02-18T16:56:28.900Z,London,5.68,overcast clouds
2026-02-18T16:56:28.902Z,London,5.68,overcast clouds
2026-02-18T18:43:31.432Z,London,4.64,moderate rain
2026-02-18T18:43:31.434Z,London,4.64,moderate rain
2026-02-18T20:31:49.187Z,London,4.34,light rain
2026-02-18T20:31:49.190Z,London,4.34,light rain
2026-02-18T22:26:15.008Z,London,4.74,light rain
2026-02-18T22:26:15.010Z,London,4.74,light rain
2026-02-19T01:42:40.828Z,London,4.81,light rain
2026-02-19T01:42:40.830Z,London,4.81,light rain
2026-02-19T04:14:03.987Z,London,5.34,overcast clouds
2026-02-19T04:14:03.989Z,London,5.34,overcast clouds
2026-02-19T06:52:49.953Z,London,5.62,overcast clouds
2026-02-19T06:52:49.955Z,London,5.62,overcast clouds
2026-02-19T08:36:05.678Z,London,5.75,overcast clouds
2026-02-19T08:36:05.680Z,London,5.75,overcast clouds
2026-02-19T10:36:49.887Z,London,5.76,overcast clouds
2026-02-19T10:36:49.889Z,London,5.76,overcast clouds
2026-02-19T12:51:14.350Z,London,6.18,overcast clouds
2026-02-19T12:51:14.352Z,London,6.18,overcast clouds
2026-02-19T14:42:12.352Z,London,6.07,overcast clouds
2026-02-19T14:42:12.354Z,London,6.07,overcast clouds
2026-02-19T16:43:33.697Z,London,5.63,overcast clouds
2026-02-19T16:43:33.700Z,London,5.63,overcast clouds
2026-02-19T18:42:34.892Z,London,5.41,overcast clouds
2026-02-19T18:42:34.910Z,London,5.41,overcast clouds
